SHA256	TYPE
473afda00aaf2bbff5d7c9aaa5933ba5f201b469b8546932c60119b1cf40471b	DEX
ce154ff877691c22380cc0e67979f8d9f3ab59986b66c7b03bdab36805cfef8e	DEX
71073653f9992633dfbb38550cd196a7f201a8da6bea6ef88173ee2817ba023e	APK
fbdce3dd097f4a01814a14fa0e37c0e9a7618c0801adffb7c4dbd2e6927c220f	APK
543734a2bb06d0433283a3b49d48f38b7ed500af82b47209a6087090bf1796cc	APK
fabdf6f305ed33293ffaac8651657426a6fa4a5bba79d95bf6b3ff481e9e6400	APK
099fce4dd0f15f591f59d9e39d68c669c7ec4e421c113d86605626318e4751b5	APK
f886026ae6b194440eb135329bc9c6b56218560303207bd3ca45134cc6e66eeb	APK
d1b6ba52a08cc1eb508cb4abd236a27f5fa4d2299718485969b179cd70ffc072	APK
c1d412b16811f0698dec4276f9ce6f92774e0dd8eb22ffcd386b0341312ef8a5	APK
2629eaf1a4477638d44797d3eab9bba1b40aeb3dfd46462813923a3ca149ff28	APK
baad3941f6e291aa8288ceb9f72c06c3d3fd802e89865777832f20bd5127e4fd	APK
2bb50b25ecf6263514bf1922967cb93e4768f96485ee3d9f9bb6417c950cc1c7	APK
9d39ace2806389638878646a90af23c716ad9f2c6d142f91f321b2324cbc2e6e	APK
5daac96d677763c6e4b802501d56251960cc38f2e74fe81e8cf921672aa57c3b	APK
