"Package Name	Hash Reference"
"ae.ahb.digital	4b43f7145eebe4c07d208911b9d74c7c996a5037a04d52e4c38a80c2456d1187"
"ae.almasraf.mobileapp	4b43f7145eebe4c07d208911b9d74c7c996a5037a04d52e4c38a80c2456d1188"
"ae.hsbc.hsbcuae	4b43f7145eebe4c07d208911b9d74c7c996a5037a04d52e4c38a80c2456d1189"
"air.app.scb.breeze.android.main.my.prod	4b43f7145eebe4c07d208911b9d74c7c996a5037a04d52e4c38a80c2456d1190"
"air.com.inversis.AndbankSmartphone	4b43f7145eebe4c07d208911b9d74c7c996a5037a04d52e4c38a80c2456d1191"
"alior.bankingapp.android	4b43f7145eebe4c07d208911b9d74c7c996a5037a04d52e4c38a80c2456d1192"
"app.alansari	4b43f7145eebe4c07d208911b9d74c7c996a5037a04d52e4c38a80c2456d1193"
"app.indie.my	4b43f7145eebe4c07d208911b9d74c7c996a5037a04d52e4c38a80c2456d1194"
"app.wizink.es	4b43f7145eebe4c07d208911b9d74c7c996a5037a04d52e4c38a80c2456d1195"
"app.wizink.pt	4b43f7145eebe4c07d208911b9d74c7c996a5037a04d52e4c38a80c2456d1196"
"ar.bapro	4b43f7145eebe4c07d208911b9d74c7c996a5037a04d52e4c38a80c2456d1197"
"ar.com.bcopatagonia.android	4b43f7145eebe4c07d208911b9d74c7c996a5037a04d52e4c38a80c2456d1198"
"ar.com.redlink.custom	4b43f7145eebe4c07d208911b9d74c7c996a5037a04d52e4c38a80c2456d1199"
"ar.com.santander.rio.mbanking	4b43f7145eebe4c07d208911b9d74c7c996a5037a04d52e4c38a80c2456d1200"
"ar.macro	4b43f7145eebe4c07d208911b9d74c7c996a5037a04d52e4c38a80c2456d1201"
"at.erstebank.george	4b43f7145eebe4c07d208911b9d74c7c996a5037a04d52e4c38a80c2456d1202"
"at.ing.diba.client.onlinebanking	4b43f7145eebe4c07d208911b9d74c7c996a5037a04d52e4c38a80c2456d1203"
"at.rsg.pfp	4b43f7145eebe4c07d208911b9d74c7c996a5037a04d52e4c38a80c2456d1204"
"at.spardat.bcrmobile	4b43f7145eebe4c07d208911b9d74c7c996a5037a04d52e4c38a80c2456d1205"
"at.volksbank.volksbankmobile	4b43f7145eebe4c07d208911b9d74c7c996a5037a04d52e4c38a80c2456d1206"
"au.com.amp.myportfolio.android	4b43f7145eebe4c07d208911b9d74c7c996a5037a04d52e4c38a80c2456d1207"
"au.com.bankwest.mobile	4b43f7145eebe4c07d208911b9d74c7c996a5037a04d52e4c38a80c2456d1208"
"au.com.commbank.commbiz.prod	4b43f7145eebe4c07d208911b9d74c7c996a5037a04d52e4c38a80c2456d1209"
"au.com.cua.mb	4b43f7145eebe4c07d208911b9d74c7c996a5037a04d52e4c38a80c2456d1210"
"au.com.hsbc.hsbcaustralia	4b43f7145eebe4c07d208911b9d74c7c996a5037a04d52e4c38a80c2456d1211"
"au.com.ingdirect.android	4b43f7145eebe4c07d208911b9d74c7c996a5037a04d52e4c38a80c2456d1212"
"au.com.macquarie.authenticator	4b43f7145eebe4c07d208911b9d74c7c996a5037a04d52e4c38a80c2456d1213"
"au.com.macquarie.banking	4b43f7145eebe4c07d208911b9d74c7c996a5037a04d52e4c38a80c2456d1214"
"au.com.mebank.banking	4b43f7145eebe4c07d208911b9d74c7c996a5037a04d52e4c38a80c2456d1215"
"au.com.nab.mobile	4b43f7145eebe4c07d208911b9d74c7c996a5037a04d52e4c38a80c2456d1216"
"au.com.newcastlepermanent	4b43f7145eebe4c07d208911b9d74c7c996a5037a04d52e4c38a80c2456d1217"
"au.com.pnbank.android	4b43f7145eebe4c07d208911b9d74c7c996a5037a04d52e4c38a80c2456d1218"
"au.com.rams.RAMS	4b43f7145eebe4c07d208911b9d74c7c996a5037a04d52e4c38a80c2456d1219"
"au.com.suncorp.marketplace	4b43f7145eebe4c07d208911b9d74c7c996a5037a04d52e4c38a80c2456d1220"
"au.com.suncorp.rsa.suncorpsecured	4b43f7145eebe4c07d208911b9d74c7c996a5037a04d52e4c38a80c2456d1221"
"au.com.suncorp.SuncorpBank	4b43f7145eebe4c07d208911b9d74c7c996a5037a04d52e4c38a80c2456d1222"
"au.com.ubank.internetbanking	4b43f7145eebe4c07d208911b9d74c7c996a5037a04d52e4c38a80c2456d1223"
"be.argenta.bankieren	4b43f7145eebe4c07d208911b9d74c7c996a5037a04d52e4c38a80c2456d1224"
"be.axa.mobilebanking	4b43f7145eebe4c07d208911b9d74c7c996a5037a04d52e4c38a80c2456d1225"
"be.belfius.directmobile.android	4b43f7145eebe4c07d208911b9d74c7c996a5037a04d52e4c38a80c2456d1226"
"br.com.bradesco.next	4b43f7145eebe4c07d208911b9d74c7c996a5037a04d52e4c38a80c2456d1227"
"br.com.intermedium	4b43f7145eebe4c07d208911b9d74c7c996a5037a04d52e4c38a80c2456d1228"
"br.com.modalmais	4b43f7145eebe4c07d208911b9d74c7c996a5037a04d52e4c38a80c2456d1229"
"br.com.original.bank	4b43f7145eebe4c07d208911b9d74c7c996a5037a04d52e4c38a80c2456d1230"
"br.com.uol.ps.myaccount	4b43f7145eebe4c07d208911b9d74c7c996a5037a04d52e4c38a80c2456d1231"
"ca.affinitycu.mobile	4b43f7145eebe4c07d208911b9d74c7c996a5037a04d52e4c38a80c2456d1232"
"ca.bnc.android	4b43f7145eebe4c07d208911b9d74c7c996a5037a04d52e4c38a80c2456d1233"
"ca.hsbc.hsbccanada	4b43f7145eebe4c07d208911b9d74c7c996a5037a04d52e4c38a80c2456d1234"
"ca.manulife.MobileGBRS	4b43f7145eebe4c07d208911b9d74c7c996a5037a04d52e4c38a80c2456d1235"
"ca.mobile.explorer	4b43f7145eebe4c07d208911b9d74c7c996a5037a04d52e4c38a80c2456d1236"
"ca.motusbank.mapp	4b43f7145eebe4c07d208911b9d74c7c996a5037a04d52e4c38a80c2456d1237"
"ca.pcfinancial.bank	4b43f7145eebe4c07d208911b9d74c7c996a5037a04d52e4c38a80c2456d1238"
"ca.servus.mbanking	4b43f7145eebe4c07d208911b9d74c7c996a5037a04d52e4c38a80c2456d1239"
"ca.tangerine.clients.banking.app	4b43f7145eebe4c07d208911b9d74c7c996a5037a04d52e4c38a80c2456d1240"
"cc.bitbank.bitbank	4b43f7145eebe4c07d208911b9d74c7c996a5037a04d52e4c38a80c2456d1241"
"cgd.pt.caixadirectaparticulares	4b43f7145eebe4c07d208911b9d74c7c996a5037a04d52e4c38a80c2456d1242"
"ch.autoscout24.autoscout24	4b43f7145eebe4c07d208911b9d74c7c996a5037a04d52e4c38a80c2456d1243"
"cl.android	4b43f7145eebe4c07d208911b9d74c7c996a5037a04d52e4c38a80c2456d1244"
"cl.bancochile.mbanking	4b43f7145eebe4c07d208911b9d74c7c996a5037a04d52e4c38a80c2456d1245"
"clientapp.swiftcom.org	4b43f7145eebe4c07d208911b9d74c7c996a5037a04d52e4c38a80c2456d1246"
"co.bitx.android.wallet	4b43f7145eebe4c07d208911b9d74c7c996a5037a04d52e4c38a80c2456d1247"
"co.com.bancoagrario.icbanking	4b43f7145eebe4c07d208911b9d74c7c996a5037a04d52e4c38a80c2456d1248"
"co.com.bancofalabella.mobile.omc	4b43f7145eebe4c07d208911b9d74c7c996a5037a04d52e4c38a80c2456d1249"
"co.com.bbva.mb	4b43f7145eebe4c07d208911b9d74c7c996a5037a04d52e4c38a80c2456d1250"
"co.edgesecure.app	4b43f7145eebe4c07d208911b9d74c7c996a5037a04d52e4c38a80c2456d1251"
"co.mona.android	4b43f7145eebe4c07d208911b9d74c7c996a5037a04d52e4c38a80c2456d1252"
"co.uk.Nationwide.Mobile	4b43f7145eebe4c07d208911b9d74c7c996a5037a04d52e4c38a80c2456d1253"
"co	4b43f7145eebe4c07d208911b9d74c7c996a5037a04d52e4c38a80c2456d1254"
"com.aadhk.woinvoice	4b43f7145eebe4c07d208911b9d74c7c996a5037a04d52e4c38a80c2456d1256"
"com.aaib	4b43f7145eebe4c07d208911b9d74c7c996a5037a04d52e4c38a80c2456d1257"
"com.abanca.bancaempresas	4b43f7145eebe4c07d208911b9d74c7c996a5037a04d52e4c38a80c2456d1258"
"com.abanca.bm.pt	4b43f7145eebe4c07d208911b9d74c7c996a5037a04d52e4c38a80c2456d1259"
"com.abnamro.nl.mobile.payments	4b43f7145eebe4c07d208911b9d74c7c996a5037a04d52e4c38a80c2456d1260"
"com.acceltree.mtc.screens	4b43f7145eebe4c07d208911b9d74c7c996a5037a04d52e4c38a80c2456d1261"
"com.accessbank.accessbankapp	4b43f7145eebe4c07d208911b9d74c7c996a5037a04d52e4c38a80c2456d1262"
"com.adcb.bank	4b43f7145eebe4c07d208911b9d74c7c996a5037a04d52e4c38a80c2456d1263"
"com.adcb.cbgdigi	4b43f7145eebe4c07d208911b9d74c7c996a5037a04d52e4c38a80c2456d1264"
"com.adcb.simplylife	4b43f7145eebe4c07d208911b9d74c7c996a5037a04d52e4c38a80c2456d1265"
"com.adib.mobile	4b43f7145eebe4c07d208911b9d74c7c996a5037a04d52e4c38a80c2456d1266"
"com.advantage.RaiffeisenBank	4b43f7145eebe4c07d208911b9d74c7c996a5037a04d52e4c38a80c2456d1267"
"com.aff.otpdirekt	4b43f7145eebe4c07d208911b9d74c7c996a5037a04d52e4c38a80c2456d1268"
"com.ahlibank.personal	4b43f7145eebe4c07d208911b9d74c7c996a5037a04d52e4c38a80c2456d1269"
"com.airbitz	4b43f7145eebe4c07d208911b9d74c7c996a5037a04d52e4c38a80c2456d1270"
"com.airbnb.android	4b43f7145eebe4c07d208911b9d74c7c996a5037a04d52e4c38a80c2456d1271"
"com.akbank.android.apps.akbank_direkt	4b43f7145eebe4c07d208911b9d74c7c996a5037a04d52e4c38a80c2456d1272"
"com.aktifbank.nkolay	4b43f7145eebe4c07d208911b9d74c7c996a5037a04d52e4c38a80c2456d1273"
"com.alahli.mobile.android	4b43f7145eebe4c07d208911b9d74c7c996a5037a04d52e4c38a80c2456d1274"
"com.alahli.quickpay	4b43f7145eebe4c07d208911b9d74c7c996a5037a04d52e4c38a80c2456d1275"
"com.albarakaapp	4b43f7145eebe4c07d208911b9d74c7c996a5037a04d52e4c38a80c2456d1276"
"com.alibaba.intl.android.apps.poseidon	4b43f7145eebe4c07d208911b9d74c7c996a5037a04d52e4c38a80c2456d1277"
"com.alinma.retail.mobile	4b43f7145eebe4c07d208911b9d74c7c996a5037a04d52e4c38a80c2456d1278"
"com.alliance.AOPMobileApp	4b43f7145eebe4c07d208911b9d74c7c996a5037a04d52e4c38a80c2456d1279"
"com.alloapp.yump	4b43f7145eebe4c07d208911b9d74c7c996a5037a04d52e4c38a80c2456d1280"
"com.ally.MobileBanking	4b43f7145eebe4c07d208911b9d74c7c996a5037a04d52e4c38a80c2456d1281"
"com.alrajhibank.mobile	4b43f7145eebe4c07d208911b9d74c7c996a5037a04d52e4c38a80c2456d1282"
"com.alrajhiretailapp	4b43f7145eebe4c07d208911b9d74c7c996a5037a04d52e4c38a80c2456d1283"
"com.amazon.mShop.android.shopping	4b43f7145eebe4c07d208911b9d74c7c996a5037a04d52e4c38a80c2456d1284"
"com.amazon.sellermobile.android	4b43f7145eebe4c07d208911b9d74c7c996a5037a04d52e4c38a80c2456d1285"
"com.ambank.ambankonline	4b43f7145eebe4c07d208911b9d74c7c996a5037a04d52e4c38a80c2456d1286"
"com.americanexpress.android.acctsvcs.us	4b43f7145eebe4c07d208911b9d74c7c996a5037a04d52e4c38a80c2456d1287"
"com.amx.amxremit	4b43f7145eebe4c07d208911b9d74c7c996a5037a04d52e4c38a80c2456d1288"
"com.anabatic.canadia	4b43f7145eebe4c07d208911b9d74c7c996a5037a04d52e4c38a80c2456d1289"
"com.anadolubank.android	4b43f7145eebe4c07d208911b9d74c7c996a5037a04d52e4c38a80c2456d1290"
"com.android.vending	4b43f7145eebe4c07d208911b9d74c7c996a5037a04d52e4c38a80c2456d1291"
"com.anz.android.gomoney	4b43f7145eebe4c07d208911b9d74c7c996a5037a04d52e4c38a80c2456d1292"
"com.anz.transactive.global	4b43f7145eebe4c07d208911b9d74c7c996a5037a04d52e4c38a80c2456d1293"
"com.aol.mobile.aolapp	4b43f7145eebe4c07d208911b9d74c7c996a5037a04d52e4c38a80c2456d1294"
"com.app.ecobank	4b43f7145eebe4c07d208911b9d74c7c996a5037a04d52e4c38a80c2456d1295"
"com.appfactory.tmb	4b43f7145eebe4c07d208911b9d74c7c996a5037a04d52e4c38a80c2456d1296"
"com.arabbank.arabimobilev2	4b43f7145eebe4c07d208911b9d74c7c996a5037a04d52e4c38a80c2456d1297"
"com.arkea.android.application.cmb	4b43f7145eebe4c07d208911b9d74c7c996a5037a04d52e4c38a80c2456d1298"
"com.arkea.android.application.cmso2	4b43f7145eebe4c07d208911b9d74c7c996a5037a04d52e4c38a80c2456d1299"
"com.asseco.hybrid.bos.prod	4b43f7145eebe4c07d208911b9d74c7c996a5037a04d52e4c38a80c2456d1300"
"com.aswat.carrefouruae	4b43f7145eebe4c07d208911b9d74c7c996a5037a04d52e4c38a80c2456d1301"
"com.atb.ATBMobile	4b43f7145eebe4c07d208911b9d74c7c996a5037a04d52e4c38a80c2456d1302"
"com.atb.businessmobile	4b43f7145eebe4c07d208911b9d74c7c996a5037a04d52e4c38a80c2456d1303"
"com.att.myWireless	4b43f7145eebe4c07d208911b9d74c7c996a5037a04d52e4c38a80c2456d1304"
"com.aub.mobilebanking.kw.phone	4b43f7145eebe4c07d208911b9d74c7c996a5037a04d52e4c38a80c2456d1305"
"com.aventri.firsthorizonbank300005742	4b43f7145eebe4c07d208911b9d74c7c996a5037a04d52e4c38a80c2456d1306"
"com.axabanque.fr	4b43f7145eebe4c07d208911b9d74c7c996a5037a04d52e4c38a80c2456d1307"
"com.axis.mobile	4b43f7145eebe4c07d208911b9d74c7c996a5037a04d52e4c38a80c2456d1308"
"com.azimo.sendmoney	4b43f7145eebe4c07d208911b9d74c7c996a5037a04d52e4c38a80c2456d1309"
"com.bancocajasocial.geolocation	4b43f7145eebe4c07d208911b9d74c7c996a5037a04d52e4c38a80c2456d1310"
"com.bancodebogota.bancamovil	4b43f7145eebe4c07d208911b9d74c7c996a5037a04d52e4c38a80c2456d1311"
"com.bancodevenezuela.bdvdigital	4b43f7145eebe4c07d208911b9d74c7c996a5037a04d52e4c38a80c2456d1312"
"com.bancomer.mbanking	4b43f7145eebe4c07d208911b9d74c7c996a5037a04d52e4c38a80c2456d1313"
"com.bancorpsouth.android	4b43f7145eebe4c07d208911b9d74c7c996a5037a04d52e4c38a80c2456d1314"
"com.bancsabadell.wallet	4b43f7145eebe4c07d208911b9d74c7c996a5037a04d52e4c38a80c2456d1315"
"com.banesco.samfbancamovilunificada	4b43f7145eebe4c07d208911b9d74c7c996a5037a04d52e4c38a80c2456d1316"
"com.baninter	4b43f7145eebe4c07d208911b9d74c7c996a5037a04d52e4c38a80c2456d1317"
"com.BankAlBilad.EnjazApp	4b43f7145eebe4c07d208911b9d74c7c996a5037a04d52e4c38a80c2456d1318"
"com.BankAlBilad	4b43f7145eebe4c07d208911b9d74c7c996a5037a04d52e4c38a80c2456d1319"
"com.bankaustria.android.olb	4b43f7145eebe4c07d208911b9d74c7c996a5037a04d52e4c38a80c2456d1320"
"com.bankfab.pbg.ae.dubaifirst	4b43f7145eebe4c07d208911b9d74c7c996a5037a04d52e4c38a80c2456d1321"
"com.bankia.wallet	4b43f7145eebe4c07d208911b9d74c7c996a5037a04d52e4c38a80c2456d1322"
"com.bankinter.bkwallet	4b43f7145eebe4c07d208911b9d74c7c996a5037a04d52e4c38a80c2456d1323"
"com.bankinter.empresas	4b43f7145eebe4c07d208911b9d74c7c996a5037a04d52e4c38a80c2456d1324"
"com.bankinter.launcher	4b43f7145eebe4c07d208911b9d74c7c996a5037a04d52e4c38a80c2456d1325"
"com.bankinter.portugal.bmb	4b43f7145eebe4c07d208911b9d74c7c996a5037a04d52e4c38a80c2456d1326"
"com.bankofbaroda.mconnect	4b43f7145eebe4c07d208911b9d74c7c996a5037a04d52e4c38a80c2456d1327"
"com.bankofqueensland.boq	4b43f7145eebe4c07d208911b9d74c7c996a5037a04d52e4c38a80c2456d1328"
"com.barclaycardus	4b43f7145eebe4c07d208911b9d74c7c996a5037a04d52e4c38a80c2456d1329"
"com.barclays.android.barclaysmobilebanking	4b43f7145eebe4c07d208911b9d74c7c996a5037a04d52e4c38a80c2456d1330"
"com.barclays.ke.mobile.android.ui	4b43f7145eebe4c07d208911b9d74c7c996a5037a04d52e4c38a80c2456d1331"
"com.Barwa	4b43f7145eebe4c07d208911b9d74c7c996a5037a04d52e4c38a80c2456d1332"
"com.base.bankalfalah	4b43f7145eebe4c07d208911b9d74c7c996a5037a04d52e4c38a80c2456d1333"
"com.bawagpsk.bawagpsk	4b43f7145eebe4c07d208911b9d74c7c996a5037a04d52e4c38a80c2456d1334"
"com.bbt.myfi	4b43f7145eebe4c07d208911b9d74c7c996a5037a04d52e4c38a80c2456d1335"
"com.bbva.bbvacontigo	4b43f7145eebe4c07d208911b9d74c7c996a5037a04d52e4c38a80c2456d1336"
"com.bbva.GEMA	4b43f7145eebe4c07d208911b9d74c7c996a5037a04d52e4c38a80c2456d1337"
"com.bbva.mobile.pt	4b43f7145eebe4c07d208911b9d74c7c996a5037a04d52e4c38a80c2456d1338"
"com.bbva.netcash	4b43f7145eebe4c07d208911b9d74c7c996a5037a04d52e4c38a80c2456d1339"
"com.bbva.nxt_peru	4b43f7145eebe4c07d208911b9d74c7c996a5037a04d52e4c38a80c2456d1340"
"com.bca.halobca.android	4b43f7145eebe4c07d208911b9d74c7c996a5037a04d52e4c38a80c2456d1341"
"com.bca	4b43f7145eebe4c07d208911b9d74c7c996a5037a04d52e4c38a80c2456d1342"
"com.bcp.bank.bcp	4b43f7145eebe4c07d208911b9d74c7c996a5037a04d52e4c38a80c2456d1343"
"com.bendigobank.mobile	4b43f7145eebe4c07d208911b9d74c7c996a5037a04d52e4c38a80c2456d1344"
"com.beobank_prod.bad	4b43f7145eebe4c07d208911b9d74c7c996a5037a04d52e4c38a80c2456d1345"
"com.binance.dev	4b43f7145eebe4c07d208911b9d74c7c996a5037a04d52e4c38a80c2456d1346"
"com.bitcoin.mwallet	4b43f7145eebe4c07d208911b9d74c7c996a5037a04d52e4c38a80c2456d1347"
"com.bitfinex.mobileapp	4b43f7145eebe4c07d208911b9d74c7c996a5037a04d52e4c38a80c2456d1348"
"com.bitmarket.trader	4b43f7145eebe4c07d208911b9d74c7c996a5037a04d52e4c38a80c2456d1349"
"com.bitpanda.bitpanda	4b43f7145eebe4c07d208911b9d74c7c996a5037a04d52e4c38a80c2456d1350"
"com.bitpay.wallet	4b43f7145eebe4c07d208911b9d74c7c996a5037a04d52e4c38a80c2456d1351"
"com.bittrex.trade	4b43f7145eebe4c07d208911b9d74c7c996a5037a04d52e4c38a80c2456d1352"
"com.bmo.mobile	4b43f7145eebe4c07d208911b9d74c7c996a5037a04d52e4c38a80c2456d1353"
"com.bmoharris.digital	4b43f7145eebe4c07d208911b9d74c7c996a5037a04d52e4c38a80c2456d1354"
"com.bnc.finance	4b43f7145eebe4c07d208911b9d74c7c996a5037a04d52e4c38a80c2456d1355"
"com.bnhp.payments.paymentsapp	4b43f7145eebe4c07d208911b9d74c7c996a5037a04d52e4c38a80c2456d1356"
"com.bnpp.easybanking	4b43f7145eebe4c07d208911b9d74c7c996a5037a04d52e4c38a80c2456d1357"
"com.bochk.com	4b43f7145eebe4c07d208911b9d74c7c996a5037a04d52e4c38a80c2456d1358"
"com.boi.mpay	4b43f7145eebe4c07d208911b9d74c7c996a5037a04d52e4c38a80c2456d1359"
"com.booking	4b43f7145eebe4c07d208911b9d74c7c996a5037a04d52e4c38a80c2456d1360"
"com.BOQSecure	4b43f7145eebe4c07d208911b9d74c7c996a5037a04d52e4c38a80c2456d1361"
"com.botw.mobilebanking	4b43f7145eebe4c07d208911b9d74c7c996a5037a04d52e4c38a80c2456d1362"
"com.boubyanapp.boubyan.bank	4b43f7145eebe4c07d208911b9d74c7c996a5037a04d52e4c38a80c2456d1363"
"com.boursorama.android.clients	4b43f7145eebe4c07d208911b9d74c7c996a5037a04d52e4c38a80c2456d1364"
"com.bradesco	4b43f7145eebe4c07d208911b9d74c7c996a5037a04d52e4c38a80c2456d1365"
"com.brodnica.hybrid.app	4b43f7145eebe4c07d208911b9d74c7c996a5037a04d52e4c38a80c2456d1366"
"com.bsm.activity2	4b43f7145eebe4c07d208911b9d74c7c996a5037a04d52e4c38a80c2456d1367"
"com.bsnebiz.cdb	4b43f7145eebe4c07d208911b9d74c7c996a5037a04d52e4c38a80c2456d1368"
"com.btcturk.pro	4b43f7145eebe4c07d208911b9d74c7c996a5037a04d52e4c38a80c2456d1369"
"com.btcturk	4b43f7145eebe4c07d208911b9d74c7c996a5037a04d52e4c38a80c2456d1370"
"com.bybit.app	4b43f7145eebe4c07d208911b9d74c7c996a5037a04d52e4c38a80c2456d1371"
"com.caisse.epargne.android.tablette	4b43f7145eebe4c07d208911b9d74c7c996a5037a04d52e4c38a80c2456d1372"
"com.caisseepargne.android.mobilebanking	4b43f7145eebe4c07d208911b9d74c7c996a5037a04d52e4c38a80c2456d1373"
"com.cajaingenieros.android.bancamovil	4b43f7145eebe4c07d208911b9d74c7c996a5037a04d52e4c38a80c2456d1374"
"com.cajasiete.android.cajasietereport	4b43f7145eebe4c07d208911b9d74c7c996a5037a04d52e4c38a80c2456d1375"
"com.cajasur.android	4b43f7145eebe4c07d208911b9d74c7c996a5037a04d52e4c38a80c2456d1376"
"com.canarabank.mobility	4b43f7145eebe4c07d208911b9d74c7c996a5037a04d52e4c38a80c2456d1377"
"com.cbd.mobile	4b43f7145eebe4c07d208911b9d74c7c996a5037a04d52e4c38a80c2456d1378"
"com.cbk.mobilebanking	4b43f7145eebe4c07d208911b9d74c7c996a5037a04d52e4c38a80c2456d1379"
"com.cbq.CBMobile	4b43f7145eebe4c07d208911b9d74c7c996a5037a04d52e4c38a80c2456d1380"
"com.cedarplus.agro	4b43f7145eebe4c07d208911b9d74c7c996a5037a04d52e4c38a80c2456d1381"
"com.changelly.app	4b43f7145eebe4c07d208911b9d74c7c996a5037a04d52e4c38a80c2456d1382"
"com.cibc.android.mobi	4b43f7145eebe4c07d208911b9d74c7c996a5037a04d52e4c38a80c2456d1384"
"com.cic_prod.bad	4b43f7145eebe4c07d208911b9d74c7c996a5037a04d52e4c38a80c2456d1385"
"com.citi.citimobile	4b43f7145eebe4c07d208911b9d74c7c996a5037a04d52e4c38a80c2456d1388"
"com.citi.mobile.ccc	4b43f7145eebe4c07d208911b9d74c7c996a5037a04d52e4c38a80c2456d1389"
"com.citibanamex.banamexmobile	4b43f7145eebe4c07d208911b9d74c7c996a5037a04d52e4c38a80c2456d1390"
"com.citibank.CitibankMY	4b43f7145eebe4c07d208911b9d74c7c996a5037a04d52e4c38a80c2456d1391"
"com.citibank.mobile.citiuaePAT	4b43f7145eebe4c07d208911b9d74c7c996a5037a04d52e4c38a80c2456d1392"
"com.citibank.mobile.sg	4b43f7145eebe4c07d208911b9d74c7c996a5037a04d52e4c38a80c2456d1393"
"com.citizensbank.androidapp	4b43f7145eebe4c07d208911b9d74c7c996a5037a04d52e4c38a80c2456d1394"
"com.clairmail.fth	4b43f7145eebe4c07d208911b9d74c7c996a5037a04d52e4c38a80c2456d1395"
"com.cm_prod.bad	4b43f7145eebe4c07d208911b9d74c7c996a5037a04d52e4c38a80c2456d1396"
"com.coastcapitalsavings.dcu	4b43f7145eebe4c07d208911b9d74c7c996a5037a04d52e4c38a80c2456d1397"
"com.coinbase.android	4b43f7145eebe4c07d208911b9d74c7c996a5037a04d52e4c38a80c2456d1398"
"com.comarch.mobile.banking.bgzbnpparibas.biznes	4b43f7145eebe4c07d208911b9d74c7c996a5037a04d52e4c38a80c2456d1399"
"com.comarch.security.mobilebanking	4b43f7145eebe4c07d208911b9d74c7c996a5037a04d52e4c38a80c2456d1400"
"com.commbank.netbank	4b43f7145eebe4c07d208911b9d74c7c996a5037a04d52e4c38a80c2456d1401"
"com.compasssavingsbank.mobile	4b43f7145eebe4c07d208911b9d74c7c996a5037a04d52e4c38a80c2456d1402"
"com.connectivityapps.hotmail	4b43f7145eebe4c07d208911b9d74c7c996a5037a04d52e4c38a80c2456d1403"
"com.cooperativebank.bank	4b43f7145eebe4c07d208911b9d74c7c996a5037a04d52e4c38a80c2456d1404"
"com.coppel.coppelapp	4b43f7145eebe4c07d208911b9d74c7c996a5037a04d52e4c38a80c2456d1405"
"com.CredemMobile	4b43f7145eebe4c07d208911b9d74c7c996a5037a04d52e4c38a80c2456d1406"
"com.creditandorra	4b43f7145eebe4c07d208911b9d74c7c996a5037a04d52e4c38a80c2456d1407"
"com.csam.icici.bank.imobile	4b43f7145eebe4c07d208911b9d74c7c996a5037a04d52e4c38a80c2456d1408"
"com.current.app	4b43f7145eebe4c07d208911b9d74c7c996a5037a04d52e4c38a80c2456d1409"
"com.danskebank.mobilebank3.dk	4b43f7145eebe4c07d208911b9d74c7c996a5037a04d52e4c38a80c2456d1410"
"com.dave	4b43f7145eebe4c07d208911b9d74c7c996a5037a04d52e4c38a80c2456d1411"
"com.db.mm.norisbank	4b43f7145eebe4c07d208911b9d74c7c996a5037a04d52e4c38a80c2456d1412"
"com.db.mobilebanking	4b43f7145eebe4c07d208911b9d74c7c996a5037a04d52e4c38a80c2456d1413"
"com.db.pbc.DBPay	4b43f7145eebe4c07d208911b9d74c7c996a5037a04d52e4c38a80c2456d1414"
"com.db.pbc.miabanca	4b43f7145eebe4c07d208911b9d74c7c996a5037a04d52e4c38a80c2456d1415"
"com.db.pbc.mibanco	4b43f7145eebe4c07d208911b9d74c7c996a5037a04d52e4c38a80c2456d1416"
"com.db.pwcc.dbmobile	4b43f7145eebe4c07d208911b9d74c7c996a5037a04d52e4c38a80c2456d1417"
"com.debitoor.android	4b43f7145eebe4c07d208911b9d74c7c996a5037a04d52e4c38a80c2456d1420"
"com.denizbank.mobildeniz	4b43f7145eebe4c07d208911b9d74c7c996a5037a04d52e4c38a80c2456d1421"
"com.desjardins.mobile	4b43f7145eebe4c07d208911b9d74c7c996a5037a04d52e4c38a80c2456d1422"
"com.dhanlaxmi.dhansmart.mtc	4b43f7145eebe4c07d208911b9d74c7c996a5037a04d52e4c38a80c2456d1423"
"com.dib.app	4b43f7145eebe4c07d208911b9d74c7c996a5037a04d52e4c38a80c2456d1424"
"com.discoverfinancial.mobile	4b43f7145eebe4c07d208911b9d74c7c996a5037a04d52e4c38a80c2456d1425"
"com.douugh.douughapp	4b43f7145eebe4c07d208911b9d74c7c996a5037a04d52e4c38a80c2456d1426"
"com.easybank.easybank	4b43f7145eebe4c07d208911b9d74c7c996a5037a04d52e4c38a80c2456d1427"
"com.ebay.mobile	4b43f7145eebe4c07d208911b9d74c7c996a5037a04d52e4c38a80c2456d1428"
"com.ebos.bos	4b43f7145eebe4c07d208911b9d74c7c996a5037a04d52e4c38a80c2456d1429"
"com.electroneum.mobile	4b43f7145eebe4c07d208911b9d74c7c996a5037a04d52e4c38a80c2456d1430"
"com.emiratesnbd.android	4b43f7145eebe4c07d208911b9d74c7c996a5037a04d52e4c38a80c2456d1431"
"com.empik.empikapp	4b43f7145eebe4c07d208911b9d74c7c996a5037a04d52e4c38a80c2456d1432"
"com.empik.empikfoto	4b43f7145eebe4c07d208911b9d74c7c996a5037a04d52e4c38a80c2456d1433"
"com.engage.pbb.pbengage2my.release	4b43f7145eebe4c07d208911b9d74c7c996a5037a04d52e4c38a80c2456d1434"
"com.enjin.mobile.wallet	4b43f7145eebe4c07d208911b9d74c7c996a5037a04d52e4c38a80c2456d1435"
"com.eofinance	4b43f7145eebe4c07d208911b9d74c7c996a5037a04d52e4c38a80c2456d1436"
"com.eqbank.eqbank	4b43f7145eebe4c07d208911b9d74c7c996a5037a04d52e4c38a80c2456d1437"
"com.etisalat.ewallet	4b43f7145eebe4c07d208911b9d74c7c996a5037a04d52e4c38a80c2456d1438"
"com.etrade.mobilepro.activity	4b43f7145eebe4c07d208911b9d74c7c996a5037a04d52e4c38a80c2456d1439"
"com.EurobankEFG	4b43f7145eebe4c07d208911b9d74c7c996a5037a04d52e4c38a80c2456d1440"
"com.everis.bsa_1_3	4b43f7145eebe4c07d208911b9d74c7c996a5037a04d52e4c38a80c2456d1441"
"com.exictos.mbanka.bic	4b43f7145eebe4c07d208911b9d74c7c996a5037a04d52e4c38a80c2456d1442"
"com.exmo	4b43f7145eebe4c07d208911b9d74c7c996a5037a04d52e4c38a80c2456d1443"
"com.fab.personalbanking	4b43f7145eebe4c07d208911b9d74c7c996a5037a04d52e4c38a80c2456d1444"
"com.facebook.katana	4b43f7145eebe4c07d208911b9d74c7c996a5037a04d52e4c38a80c2456d1445"
"com.fedmobile	4b43f7145eebe4c07d208911b9d74c7c996a5037a04d52e4c38a80c2456d1446"
"com.feib.appbank	4b43f7145eebe4c07d208911b9d74c7c996a5037a04d52e4c38a80c2456d1447"
"com.fh.payday	4b43f7145eebe4c07d208911b9d74c7c996a5037a04d52e4c38a80c2456d1448"
"com.fi7026.godough	4b43f7145eebe4c07d208911b9d74c7c996a5037a04d52e4c38a80c2456d1449"
"com.fibabanka.Fibabanka.mobile	4b43f7145eebe4c07d208911b9d74c7c996a5037a04d52e4c38a80c2456d1450"
"com.fibabanka.mobile	4b43f7145eebe4c07d208911b9d74c7c996a5037a04d52e4c38a80c2456d1451"
"com.fibi.nativeapp	4b43f7145eebe4c07d208911b9d74c7c996a5037a04d52e4c38a80c2456d1452"
"com.finansbank.mobile.cepsube	4b43f7145eebe4c07d208911b9d74c7c996a5037a04d52e4c38a80c2456d1453"
"com.finanteq.finance.bgz	4b43f7145eebe4c07d208911b9d74c7c996a5037a04d52e4c38a80c2456d1454"
"com.finanteq.finance.ca	4b43f7145eebe4c07d208911b9d74c7c996a5037a04d52e4c38a80c2456d1455"
"com.finshell.fin	4b43f7145eebe4c07d208911b9d74c7c996a5037a04d52e4c38a80c2456d1456"
"com.firstbank.firstmobile	4b43f7145eebe4c07d208911b9d74c7c996a5037a04d52e4c38a80c2456d1457"
"com.FNBPA.mobilebanking	4b43f7145eebe4c07d208911b9d74c7c996a5037a04d52e4c38a80c2456d1458"
"com.fordeal.android	4b43f7145eebe4c07d208911b9d74c7c996a5037a04d52e4c38a80c2456d1459"
"com.fortuneo.android	4b43f7145eebe4c07d208911b9d74c7c996a5037a04d52e4c38a80c2456d1460"
"com.friendipay.app	4b43f7145eebe4c07d208911b9d74c7c996a5037a04d52e4c38a80c2456d1461"
"com.fss.indus	4b43f7145eebe4c07d208911b9d74c7c996a5037a04d52e4c38a80c2456d1462"
"com.fss.iob6	4b43f7145eebe4c07d208911b9d74c7c996a5037a04d52e4c38a80c2456d1463"
"com.fullsix.android.labanquepostale.accountaccess	4b43f7145eebe4c07d208911b9d74c7c996a5037a04d52e4c38a80c2456d1464"
"com.fusion.ATMLocator	4b43f7145eebe4c07d208911b9d74c7c996a5037a04d52e4c38a80c2456d1465"
"com.fusion.banking	4b43f7145eebe4c07d208911b9d74c7c996a5037a04d52e4c38a80c2456d1466"
"com.fusion.beyondbank	4b43f7145eebe4c07d208911b9d74c7c996a5037a04d52e4c38a80c2456d1467"
"com.garanti.cepsubesi	4b43f7145eebe4c07d208911b9d74c7c996a5037a04d52e4c38a80c2456d1468"
"com.ge.capital.konysbiapp	4b43f7145eebe4c07d208911b9d74c7c996a5037a04d52e4c38a80c2456d1469"
"com.gemini.android.app	4b43f7145eebe4c07d208911b9d74c7c996a5037a04d52e4c38a80c2456d1470"
"com.getingroup.mobilebanking	4b43f7145eebe4c07d208911b9d74c7c996a5037a04d52e4c38a80c2456d1471"
"com.gmowallet.mobilewallet	4b43f7145eebe4c07d208911b9d74c7c996a5037a04d52e4c38a80c2456d1473"
"com.goodbarber.ybrmalaysia	4b43f7145eebe4c07d208911b9d74c7c996a5037a04d52e4c38a80c2456d1474"
"com.google.android.apps.nbu.paisa.user	4b43f7145eebe4c07d208911b9d74c7c996a5037a04d52e4c38a80c2456d1475"
"com.google.android.apps.walletnfcrel	4b43f7145eebe4c07d208911b9d74c7c996a5037a04d52e4c38a80c2456d1476"
"com.google.android.gm.lite	4b43f7145eebe4c07d208911b9d74c7c996a5037a04d52e4c38a80c2456d1477"
"com.google.android.gm	4b43f7145eebe4c07d208911b9d74c7c996a5037a04d52e4c38a80c2456d1478"
"com.google.android.youtube	4b43f7145eebe4c07d208911b9d74c7c996a5037a04d52e4c38a80c2456d1479"
"com.greater.Greater	4b43f7145eebe4c07d208911b9d74c7c996a5037a04d52e4c38a80c2456d1480"
"com.grppl.android.shell.BOS	4b43f7145eebe4c07d208911b9d74c7c996a5037a04d52e4c38a80c2456d1481"
"com.grppl.android.shell.CMBlloydsTSB73	4b43f7145eebe4c07d208911b9d74c7c996a5037a04d52e4c38a80c2456d1482"
"com.grppl.android.shell.halifax	4b43f7145eebe4c07d208911b9d74c7c996a5037a04d52e4c38a80c2456d1483"
"com.grupoavalav1.bancamovil	4b43f7145eebe4c07d208911b9d74c7c996a5037a04d52e4c38a80c2456d1484"
"com.grupoavaloc1.bancamovil	4b43f7145eebe4c07d208911b9d74c7c996a5037a04d52e4c38a80c2456d1485"
"com.grupocajamar.wefferent	4b43f7145eebe4c07d208911b9d74c7c996a5037a04d52e4c38a80c2456d1486"
"com.hittechsexpertlimited.hitbtc	4b43f7145eebe4c07d208911b9d74c7c996a5037a04d52e4c38a80c2456d1487"
"com.hsbc.hsbcnet	4b43f7145eebe4c07d208911b9d74c7c996a5037a04d52e4c38a80c2456d1488"
"com.htsu.hsbcpersonalbanking	4b43f7145eebe4c07d208911b9d74c7c996a5037a04d52e4c38a80c2456d1489"
"com.huntington.m	4b43f7145eebe4c07d208911b9d74c7c996a5037a04d52e4c38a80c2456d1490"
"com.huobionchainwallet.gp	4b43f7145eebe4c07d208911b9d74c7c996a5037a04d52e4c38a80c2456d1491"
"com.icomvision.bsc.tbc	4b43f7145eebe4c07d208911b9d74c7c996a5037a04d52e4c38a80c2456d1492"
"com.ics.nl.icscards	4b43f7145eebe4c07d208911b9d74c7c996a5037a04d52e4c38a80c2456d1493"
"com.icsfs.jkb	4b43f7145eebe4c07d208911b9d74c7c996a5037a04d52e4c38a80c2456d1494"
"com.ideomobile.discount	4b43f7145eebe4c07d208911b9d74c7c996a5037a04d52e4c38a80c2456d1495"
"com.ideomobile.hapoalim	4b43f7145eebe4c07d208911b9d74c7c996a5037a04d52e4c38a80c2456d1496"
"com.idfcfirstbank.optimus	4b43f7145eebe4c07d208911b9d74c7c996a5037a04d52e4c38a80c2456d1497"
"com.ie.capitalone.uk	4b43f7145eebe4c07d208911b9d74c7c996a5037a04d52e4c38a80c2456d1498"
"com.iexceed.appzillon.ippbMB	4b43f7145eebe4c07d208911b9d74c7c996a5037a04d52e4c38a80c2456d1499"
"com.iexceed.CBS	4b43f7145eebe4c07d208911b9d74c7c996a5037a04d52e4c38a80c2456d1500"
"com.imaginbank.app	4b43f7145eebe4c07d208911b9d74c7c996a5037a04d52e4c38a80c2456d1501"
"com.imo.android.imoim	4b43f7145eebe4c07d208911b9d74c7c996a5037a04d52e4c38a80c2456d1502"
"com.imo.android.imoimbeta	4b43f7145eebe4c07d208911b9d74c7c996a5037a04d52e4c38a80c2456d1503"
"com.imo.android.imoimhd	4b43f7145eebe4c07d208911b9d74c7c996a5037a04d52e4c38a80c2456d1504"
"com.IndianBank.IndOASIS	4b43f7145eebe4c07d208911b9d74c7c996a5037a04d52e4c38a80c2456d1505"
"com.indra.itecban.mobile.novobanco	4b43f7145eebe4c07d208911b9d74c7c996a5037a04d52e4c38a80c2456d1506"
"com.indra.itecban.triodosbank.mobile.banking	4b43f7145eebe4c07d208911b9d74c7c996a5037a04d52e4c38a80c2456d1507"
"com.infonow.bofa	4b43f7145eebe4c07d208911b9d74c7c996a5037a04d52e4c38a80c2456d1508"
"com.infosys.alh	4b43f7145eebe4c07d208911b9d74c7c996a5037a04d52e4c38a80c2456d1509"
"com.infrasoft.uboi	4b43f7145eebe4c07d208911b9d74c7c996a5037a04d52e4c38a80c2456d1510"
"com.infrasofttech.CentralBank	4b43f7145eebe4c07d208911b9d74c7c996a5037a04d52e4c38a80c2456d1511"
"com.infrasofttech.MahaBank	4b43f7145eebe4c07d208911b9d74c7c996a5037a04d52e4c38a80c2456d1512"
"com.IngDirectAndroid	4b43f7145eebe4c07d208911b9d74c7c996a5037a04d52e4c38a80c2456d1515"
"com.instagram.android	4b43f7145eebe4c07d208911b9d74c7c996a5037a04d52e4c38a80c2456d1516"
"com.interswitchng.www	4b43f7145eebe4c07d208911b9d74c7c996a5037a04d52e4c38a80c2456d1517"
"com.isis_papyrus.hypo_pay_eyewdg	4b43f7145eebe4c07d208911b9d74c7c996a5037a04d52e4c38a80c2456d1518"
"com.isis_papyrus.raiffeisen_pay_eyewdg	4b43f7145eebe4c07d208911b9d74c7c996a5037a04d52e4c38a80c2456d1519"
"com.itau.empresas	4b43f7145eebe4c07d208911b9d74c7c996a5037a04d52e4c38a80c2456d1520"
"com.itau	4b43f7145eebe4c07d208911b9d74c7c996a5037a04d52e4c38a80c2456d1521"
"com.jago.digitalBanking	4b43f7145eebe4c07d208911b9d74c7c996a5037a04d52e4c38a80c2456d1522"
"com.kakaobank.channel	4b43f7145eebe4c07d208911b9d74c7c996a5037a04d52e4c38a80c2456d1523"
"com.karwatechnologies.karwataxi	4b43f7145eebe4c07d208911b9d74c7c996a5037a04d52e4c38a80c2456d1524"
"com.kasikorn.retail.mbanking.wap	4b43f7145eebe4c07d208911b9d74c7c996a5037a04d52e4c38a80c2456d1525"
"com.kbc.mobile.android.phone.kbc	4b43f7145eebe4c07d208911b9d74c7c996a5037a04d52e4c38a80c2456d1526"
"com.key.android	4b43f7145eebe4c07d208911b9d74c7c996a5037a04d52e4c38a80c2456d1527"
"com.kfc.kwt	4b43f7145eebe4c07d208911b9d74c7c996a5037a04d52e4c38a80c2456d1528"
"com.kfc.me	4b43f7145eebe4c07d208911b9d74c7c996a5037a04d52e4c38a80c2456d1529"
"com.kfc.qatar	4b43f7145eebe4c07d208911b9d74c7c996a5037a04d52e4c38a80c2456d1530"
"com.kfh.kfhonline	4b43f7145eebe4c07d208911b9d74c7c996a5037a04d52e4c38a80c2456d1531"
"com.konylabs.capitalone	4b43f7145eebe4c07d208911b9d74c7c996a5037a04d52e4c38a80c2456d1532"
"com.konylabs.cbplpat	4b43f7145eebe4c07d208911b9d74c7c996a5037a04d52e4c38a80c2456d1533"
"com.konylabs.HongLeongConnect	4b43f7145eebe4c07d208911b9d74c7c996a5037a04d52e4c38a80c2456d1534"
"com.kraken.trade	4b43f7145eebe4c07d208911b9d74c7c996a5037a04d52e4c38a80c2456d1535"
"com.krungsri.kma	4b43f7145eebe4c07d208911b9d74c7c996a5037a04d52e4c38a80c2456d1536"
"com.kubi.kucoin	4b43f7145eebe4c07d208911b9d74c7c996a5037a04d52e4c38a80c2456d1537"
"com.kudabank.app	4b43f7145eebe4c07d208911b9d74c7c996a5037a04d52e4c38a80c2456d1538"
"com.kutxabank.android	4b43f7145eebe4c07d208911b9d74c7c996a5037a04d52e4c38a80c2456d1539"
"com.kuveytturk.mobil	4b43f7145eebe4c07d208911b9d74c7c996a5037a04d52e4c38a80c2456d1540"
"com.kwt.hardeesburger.fastfood	4b43f7145eebe4c07d208911b9d74c7c996a5037a04d52e4c38a80c2456d1541"
"com.latuabancaperandroid	4b43f7145eebe4c07d208911b9d74c7c996a5037a04d52e4c38a80c2456d1542"
"com.leumi.leumiwallet	4b43f7145eebe4c07d208911b9d74c7c996a5037a04d52e4c38a80c2456d1543"
"com.linkedin.android	4b43f7145eebe4c07d208911b9d74c7c996a5037a04d52e4c38a80c2456d1544"
"com.liv.android	4b43f7145eebe4c07d208911b9d74c7c996a5037a04d52e4c38a80c2456d1545"
"com.lulu.commerce	4b43f7145eebe4c07d208911b9d74c7c996a5037a04d52e4c38a80c2456d1546"
"com.lumiwallet.android	4b43f7145eebe4c07d208911b9d74c7c996a5037a04d52e4c38a80c2456d1547"
"com.lynxspa.bancopopolare	4b43f7145eebe4c07d208911b9d74c7c996a5037a04d52e4c38a80c2456d1548"
"com.magiclick.odeabank	4b43f7145eebe4c07d208911b9d74c7c996a5037a04d52e4c38a80c2456d1549"
"com.mail.mobile.android.mail	4b43f7145eebe4c07d208911b9d74c7c996a5037a04d52e4c38a80c2456d1550"
"com.mashreq.NeoApp	4b43f7145eebe4c07d208911b9d74c7c996a5037a04d52e4c38a80c2456d1551"
"com.mbanking.ajmanbank	4b43f7145eebe4c07d208911b9d74c7c996a5037a04d52e4c38a80c2456d1552"
"com.mbankuae.amcb	4b43f7145eebe4c07d208911b9d74c7c996a5037a04d52e4c38a80c2456d1553"
"com.mbc.anb.keystore	4b43f7145eebe4c07d208911b9d74c7c996a5037a04d52e4c38a80c2456d1554"
"com.MBSB.Bank.Mobile.Banking	4b43f7145eebe4c07d208911b9d74c7c996a5037a04d52e4c38a80c2456d1555"
"com.mcom.firstcitizens	4b43f7145eebe4c07d208911b9d74c7c996a5037a04d52e4c38a80c2456d1556"
"com.mediolanum.android.fullbanca	4b43f7145eebe4c07d208911b9d74c7c996a5037a04d52e4c38a80c2456d1557"
"com.mediolanum	4b43f7145eebe4c07d208911b9d74c7c996a5037a04d52e4c38a80c2456d1558"
"com.meetalbert	4b43f7145eebe4c07d208911b9d74c7c996a5037a04d52e4c38a80c2456d1559"
"com.mercadolibre	4b43f7145eebe4c07d208911b9d74c7c996a5037a04d52e4c38a80c2456d1560"
"com.mercadopago.wallet	4b43f7145eebe4c07d208911b9d74c7c996a5037a04d52e4c38a80c2456d1561"
"com.meridian.android	4b43f7145eebe4c07d208911b9d74c7c996a5037a04d52e4c38a80c2456d1562"
"com.mfoundry.mb.android.mb_136	4b43f7145eebe4c07d208911b9d74c7c996a5037a04d52e4c38a80c2456d1563"
"com.microsoft.office.outlook	4b43f7145eebe4c07d208911b9d74c7c996a5037a04d52e4c38a80c2456d1564"
"com.mifel.mobile.activity	4b43f7145eebe4c07d208911b9d74c7c996a5037a04d52e4c38a80c2456d1565"
"com.MizrahiTefahot.nh	4b43f7145eebe4c07d208911b9d74c7c996a5037a04d52e4c38a80c2456d1566"
"com.mobikwik_new.bajajfinserv	4b43f7145eebe4c07d208911b9d74c7c996a5037a04d52e4c38a80c2456d1567"
"com.mobikwik_new	4b43f7145eebe4c07d208911b9d74c7c996a5037a04d52e4c38a80c2456d1568"
"com.mobileloft.alpha.droid	4b43f7145eebe4c07d208911b9d74c7c996a5037a04d52e4c38a80c2456d1569"
"com.mobillium.btcturk	4b43f7145eebe4c07d208911b9d74c7c996a5037a04d52e4c38a80c2456d1570"
"com.mobillium.papara	4b43f7145eebe4c07d208911b9d74c7c996a5037a04d52e4c38a80c2456d1571"
"com.mobius.mobilebank.cartu	4b43f7145eebe4c07d208911b9d74c7c996a5037a04d52e4c38a80c2456d1572"
"com.moneybookers.skrillpayments.neteller	4b43f7145eebe4c07d208911b9d74c7c996a5037a04d52e4c38a80c2456d1573"
"com.moneybookers.skrillpayments	4b43f7145eebe4c07d208911b9d74c7c996a5037a04d52e4c38a80c2456d1574"
"com.moneylion	4b43f7145eebe4c07d208911b9d74c7c996a5037a04d52e4c38a80c2456d1575"
"com.mootwin.natixis	4b43f7145eebe4c07d208911b9d74c7c996a5037a04d52e4c38a80c2456d1576"
"com.morabanc.mobileapp	4b43f7145eebe4c07d208911b9d74c7c996a5037a04d52e4c38a80c2456d1577"
"com.morganstanley.clientmobile.prod	4b43f7145eebe4c07d208911b9d74c7c996a5037a04d52e4c38a80c2456d1578"
"com.movocash.movo	4b43f7145eebe4c07d208911b9d74c7c996a5037a04d52e4c38a80c2456d1579"
"com.msf.kbank.mobile	4b43f7145eebe4c07d208911b9d74c7c996a5037a04d52e4c38a80c2456d1580"
"com.mtb.mbanking.sc.retail.prod	4b43f7145eebe4c07d208911b9d74c7c996a5037a04d52e4c38a80c2456d1581"
"com.mtel.androidbea	4b43f7145eebe4c07d208911b9d74c7c996a5037a04d52e4c38a80c2456d1582"
"com.myc3card.app	4b43f7145eebe4c07d208911b9d74c7c996a5037a04d52e4c38a80c2456d1583"
"com.mycelium.wallet	4b43f7145eebe4c07d208911b9d74c7c996a5037a04d52e4c38a80c2456d1584"
"com.namshi.android	4b43f7145eebe4c07d208911b9d74c7c996a5037a04d52e4c38a80c2456d1585"
"com.navyfederal.android	4b43f7145eebe4c07d208911b9d74c7c996a5037a04d52e4c38a80c2456d1586"
"com.nbk.IBGmobile	4b43f7145eebe4c07d208911b9d74c7c996a5037a04d52e4c38a80c2456d1587"
"com.NBQBank	4b43f7145eebe4c07d208911b9d74c7c996a5037a04d52e4c38a80c2456d1588"
"com.nearform.ptsb	4b43f7145eebe4c07d208911b9d74c7c996a5037a04d52e4c38a80c2456d1589"
"com.netflix.mediaclient	4b43f7145eebe4c07d208911b9d74c7c996a5037a04d52e4c38a80c2456d1590"
"com.netvariant.alkhaliji	4b43f7145eebe4c07d208911b9d74c7c996a5037a04d52e4c38a80c2456d1591"
"com.noon.buyerapp	4b43f7145eebe4c07d208911b9d74c7c996a5037a04d52e4c38a80c2456d1592"
"com.nuance.nmc.sihome.metropcs	4b43f7145eebe4c07d208911b9d74c7c996a5037a04d52e4c38a80c2456d1593"
"com.ocbc.mobile	4b43f7145eebe4c07d208911b9d74c7c996a5037a04d52e4c38a80c2456d1594"
"com.ocbc.mobilemy	4b43f7145eebe4c07d208911b9d74c7c996a5037a04d52e4c38a80c2456d1595"
"com.ocito.cdn.activity.banquelaydernier	4b43f7145eebe4c07d208911b9d74c7c996a5037a04d52e4c38a80c2456d1596"
"com.ocito.cdn.activity.creditdunord	4b43f7145eebe4c07d208911b9d74c7c996a5037a04d52e4c38a80c2456d1597"
"com.ofss.gbkprodret	4b43f7145eebe4c07d208911b9d74c7c996a5037a04d52e4c38a80c2456d1598"
"com.okinc.okcoin.intl	4b43f7145eebe4c07d208911b9d74c7c996a5037a04d52e4c38a80c2456d1599"
"com.okinc.okex.gp	4b43f7145eebe4c07d208911b9d74c7c996a5037a04d52e4c38a80c2456d1600"
"com.opensooq.OpenSooq	4b43f7145eebe4c07d208911b9d74c7c996a5037a04d52e4c38a80c2456d1601"
"com.oryx.snoonu	4b43f7145eebe4c07d208911b9d74c7c996a5037a04d52e4c38a80c2456d1602"
"com.oxigen.oxigenwallet	4b43f7145eebe4c07d208911b9d74c7c996a5037a04d52e4c38a80c2456d1603"
"com.paribu.app	4b43f7145eebe4c07d208911b9d74c7c996a5037a04d52e4c38a80c2456d1604"
"com.paxful.wallet	4b43f7145eebe4c07d208911b9d74c7c996a5037a04d52e4c38a80c2456d1605"
"com.payeer	4b43f7145eebe4c07d208911b9d74c7c996a5037a04d52e4c38a80c2456d1606"
"com.payoneer.android	4b43f7145eebe4c07d208911b9d74c7c996a5037a04d52e4c38a80c2456d1607"
"com.paypal.android.p2pmobile	4b43f7145eebe4c07d208911b9d74c7c996a5037a04d52e4c38a80c2456d1608"
"com.pcb.mydirect	4b43f7145eebe4c07d208911b9d74c7c996a5037a04d52e4c38a80c2456d1609"
"com.pcfinancial.mobile	4b43f7145eebe4c07d208911b9d74c7c996a5037a04d52e4c38a80c2456d1610"
"com.pizzahutapp	4b43f7145eebe4c07d208911b9d74c7c996a5037a04d52e4c38a80c2456d1611"
"com.plunien.poloniex	4b43f7145eebe4c07d208911b9d74c7c996a5037a04d52e4c38a80c2456d1612"
"com.Plus500	4b43f7145eebe4c07d208911b9d74c7c996a5037a04d52e4c38a80c2456d1613"
"com.pnc.ecommerce.mobile	4b43f7145eebe4c07d208911b9d74c7c996a5037a04d52e4c38a80c2456d1614"
"com.polehin.android	4b43f7145eebe4c07d208911b9d74c7c996a5037a04d52e4c38a80c2456d1615"
"com.pozitron.iscep	4b43f7145eebe4c07d208911b9d74c7c996a5037a04d52e4c38a80c2456d1616"
"com.pozitron.qib	4b43f7145eebe4c07d208911b9d74c7c996a5037a04d52e4c38a80c2456d1617"
"com.pttfinans	4b43f7145eebe4c07d208911b9d74c7c996a5037a04d52e4c38a80c2456d1618"
"com.QIIB	4b43f7145eebe4c07d208911b9d74c7c996a5037a04d52e4c38a80c2456d1619"
"com.quoine.quoinex.light	4b43f7145eebe4c07d208911b9d74c7c996a5037a04d52e4c38a80c2456d1620"
"com.rak	4b43f7145eebe4c07d208911b9d74c7c996a5037a04d52e4c38a80c2456d1621"
"com.rbc.mobile.android	4b43f7145eebe4c07d208911b9d74c7c996a5037a04d52e4c38a80c2456d1622"
"com.rbinternational.retail.mobileapp	4b43f7145eebe4c07d208911b9d74c7c996a5037a04d52e4c38a80c2456d1623"
"com.rbl.rblmycard	4b43f7145eebe4c07d208911b9d74c7c996a5037a04d52e4c38a80c2456d1624"
"com.rbs.mobile.android.natwest	4b43f7145eebe4c07d208911b9d74c7c996a5037a04d52e4c38a80c2456d1625"
"com.rbs.mobile.android.rbs	4b43f7145eebe4c07d208911b9d74c7c996a5037a04d52e4c38a80c2456d1626"
"com.regions.mobbanking	4b43f7145eebe4c07d208911b9d74c7c996a5037a04d52e4c38a80c2456d1627"
"com.revolut.revolut	4b43f7145eebe4c07d208911b9d74c7c996a5037a04d52e4c38a80c2456d1628"
"com.rhbgroup.rhbmobilebanking	4b43f7145eebe4c07d208911b9d74c7c996a5037a04d52e4c38a80c2456d1629"
"com.riyadbank.strategic	4b43f7145eebe4c07d208911b9d74c7c996a5037a04d52e4c38a80c2456d1630"
"com.robinhood.android	4b43f7145eebe4c07d208911b9d74c7c996a5037a04d52e4c38a80c2456d1631"
"com.rsi.Colonya	4b43f7145eebe4c07d208911b9d74c7c996a5037a04d52e4c38a80c2456d1632"
"com.rsi.ruralviawallet2	4b43f7145eebe4c07d208911b9d74c7c996a5037a04d52e4c38a80c2456d1633"
"com.rsi	4b43f7145eebe4c07d208911b9d74c7c996a5037a04d52e4c38a80c2456d1634"
"com.s4m	4b43f7145eebe4c07d208911b9d74c7c996a5037a04d52e4c38a80c2456d1635"
"com.sa.gazt.ZakatCalculator	4b43f7145eebe4c07d208911b9d74c7c996a5037a04d52e4c38a80c2456d1636"
"com.sabb.mobilebanking	4b43f7145eebe4c07d208911b9d74c7c996a5037a04d52e4c38a80c2456d1637"
"com.saib.banking.mobile.android	4b43f7145eebe4c07d208911b9d74c7c996a5037a04d52e4c38a80c2456d1638"
"com.samba.mb	4b43f7145eebe4c07d208911b9d74c7c996a5037a04d52e4c38a80c2456d1639"
"com.samourai.wallet	4b43f7145eebe4c07d208911b9d74c7c996a5037a04d52e4c38a80c2456d1640"
"com.santander.bpi	4b43f7145eebe4c07d208911b9d74c7c996a5037a04d52e4c38a80c2456d1641"
"com.saraswat.mobilebankingv2	4b43f7145eebe4c07d208911b9d74c7c996a5037a04d52e4c38a80c2456d1642"
"com.sbi.lotusintouch	4b43f7145eebe4c07d208911b9d74c7c996a5037a04d52e4c38a80c2456d1643"
"com.sbi.SBAnywhereCorporate	4b43f7145eebe4c07d208911b9d74c7c996a5037a04d52e4c38a80c2456d1644"
"com.sbi.SBIFreedomPlus	4b43f7145eebe4c07d208911b9d74c7c996a5037a04d52e4c38a80c2456d1645"
"com.scb.ae.bmw	4b43f7145eebe4c07d208911b9d74c7c996a5037a04d52e4c38a80c2456d1646"
"com.scb.phone	4b43f7145eebe4c07d208911b9d74c7c996a5037a04d52e4c38a80c2456d1647"
"com.schwab.mobile	4b43f7145eebe4c07d208911b9d74c7c996a5037a04d52e4c38a80c2456d1648"
"com.scotiabank.banking	4b43f7145eebe4c07d208911b9d74c7c996a5037a04d52e4c38a80c2456d1649"
"com.scotiabankmx.scotiamovil	4b43f7145eebe4c07d208911b9d74c7c996a5037a04d52e4c38a80c2456d1650"
"com.sella.BancaSella	4b43f7145eebe4c07d208911b9d74c7c996a5037a04d52e4c38a80c2456d1651"
"com.shaketh	4b43f7145eebe4c07d208911b9d74c7c996a5037a04d52e4c38a80c2456d1652"
"com.sib.retail	4b43f7145eebe4c07d208911b9d74c7c996a5037a04d52e4c38a80c2456d1653"
"com.SIBMobile	4b43f7145eebe4c07d208911b9d74c7c996a5037a04d52e4c38a80c2456d1654"
"com.snapchat.android	4b43f7145eebe4c07d208911b9d74c7c996a5037a04d52e4c38a80c2456d1655"
"com.snapwork.hdfc	4b43f7145eebe4c07d208911b9d74c7c996a5037a04d52e4c38a80c2456d1656"
"com.snapwork.IDBI	4b43f7145eebe4c07d208911b9d74c7c996a5037a04d52e4c38a80c2456d1657"
"com.sovereign.santander	4b43f7145eebe4c07d208911b9d74c7c996a5037a04d52e4c38a80c2456d1658"
"com.squareup.cash	4b43f7145eebe4c07d208911b9d74c7c996a5037a04d52e4c38a80c2456d1659"
"com.starfinanz.smob.android.sfinanzstatus	4b43f7145eebe4c07d208911b9d74c7c996a5037a04d52e4c38a80c2456d1660"
"com.suntrust.mobilebanking	4b43f7145eebe4c07d208911b9d74c7c996a5037a04d52e4c38a80c2456d1661"
"com.tabtrader.android	4b43f7145eebe4c07d208911b9d74c7c996a5037a04d52e4c38a80c2456d1662"
"com.talabat	4b43f7145eebe4c07d208911b9d74c7c996a5037a04d52e4c38a80c2456d1663"
"com.targoes_prod.bad	4b43f7145eebe4c07d208911b9d74c7c996a5037a04d52e4c38a80c2456d1664"
"com.targo_prod.bad	4b43f7145eebe4c07d208911b9d74c7c996a5037a04d52e4c38a80c2456d1665"
"com.tarjetanaranja.emisor.serviciosClientes.appTitulares	4b43f7145eebe4c07d208911b9d74c7c996a5037a04d52e4c38a80c2456d1666"
"com.td	4b43f7145eebe4c07d208911b9d74c7c996a5037a04d52e4c38a80c2456d1667"
"com.tdbank	4b43f7145eebe4c07d208911b9d74c7c996a5037a04d52e4c38a80c2456d1668"
"com.teb	4b43f7145eebe4c07d208911b9d74c7c996a5037a04d52e4c38a80c2456d1669"
"com.tecnocom.cajalaboral	4b43f7145eebe4c07d208911b9d74c7c996a5037a04d52e4c38a80c2456d1670"
"com.tencent.mm	4b43f7145eebe4c07d208911b9d74c7c996a5037a04d52e4c38a80c2456d1671"
"com.tfkb	4b43f7145eebe4c07d208911b9d74c7c996a5037a04d52e4c38a80c2456d1672"
"com.tideplatform.banking	4b43f7145eebe4c07d208911b9d74c7c996a5037a04d52e4c38a80c2456d1673"
"com.tmobtech.halkbank	4b43f7145eebe4c07d208911b9d74c7c996a5037a04d52e4c38a80c2456d1674"
"com.todo1.davivienda.mobileapp	4b43f7145eebe4c07d208911b9d74c7c996a5037a04d52e4c38a80c2456d1675"
"com.todo1.mobile	4b43f7145eebe4c07d208911b9d74c7c996a5037a04d52e4c38a80c2456d1676"
"com.transferwise.android	4b43f7145eebe4c07d208911b9d74c7c996a5037a04d52e4c38a80c2456d1677"
"com.tronlinkpro.wallet	4b43f7145eebe4c07d208911b9d74c7c996a5037a04d52e4c38a80c2456d1678"
"com.truist.mobile	4b43f7145eebe4c07d208911b9d74c7c996a5037a04d52e4c38a80c2456d1679"
"com.turkcell.paycell	4b43f7145eebe4c07d208911b9d74c7c996a5037a04d52e4c38a80c2456d1680"
"com.twitter.android.lite	4b43f7145eebe4c07d208911b9d74c7c996a5037a04d52e4c38a80c2456d1681"
"com.twitter.android	4b43f7145eebe4c07d208911b9d74c7c996a5037a04d52e4c38a80c2456d1682"
"com.uab.personal	4b43f7145eebe4c07d208911b9d74c7c996a5037a04d52e4c38a80c2456d1683"
"com.uba.vericash	4b43f7145eebe4c07d208911b9d74c7c996a5037a04d52e4c38a80c2456d1684"
"com.ubanquity.redd.uba	4b43f7145eebe4c07d208911b9d74c7c996a5037a04d52e4c38a80c2456d1685"
"com.ubercab.eats	4b43f7145eebe4c07d208911b9d74c7c996a5037a04d52e4c38a80c2456d1686"
"com.ubercab	4b43f7145eebe4c07d208911b9d74c7c996a5037a04d52e4c38a80c2456d1687"
"com.ubldigital.uae	4b43f7145eebe4c07d208911b9d74c7c996a5037a04d52e4c38a80c2456d1688"
"com.ubs.swidKXJ.android	4b43f7145eebe4c07d208911b9d74c7c996a5037a04d52e4c38a80c2456d1689"
"com.unicredit	4b43f7145eebe4c07d208911b9d74c7c996a5037a04d52e4c38a80c2456d1690"
"com.unionbank.ecommerce.mobile.android	4b43f7145eebe4c07d208911b9d74c7c996a5037a04d52e4c38a80c2456d1691"
"com.unocoin.unocoinwallet	4b43f7145eebe4c07d208911b9d74c7c996a5037a04d52e4c38a80c2456d1692"
"com.uob.mighty.app	4b43f7145eebe4c07d208911b9d74c7c996a5037a04d52e4c38a80c2456d1693"
"com.urpay.consumer	4b43f7145eebe4c07d208911b9d74c7c996a5037a04d52e4c38a80c2456d1694"
"com.usaa.mobile.android.usaa	4b43f7145eebe4c07d208911b9d74c7c996a5037a04d52e4c38a80c2456d1695"
"com.usbank.mobilebanking	4b43f7145eebe4c07d208911b9d74c7c996a5037a04d52e4c38a80c2456d1696"
"com.uy.itau.appitauuypf	4b43f7145eebe4c07d208911b9d74c7c996a5037a04d52e4c38a80c2456d1697"
"com.v2msoft.contasimple	4b43f7145eebe4c07d208911b9d74c7c996a5037a04d52e4c38a80c2456d1698"
"com.vancity.mobileapp	4b43f7145eebe4c07d208911b9d74c7c996a5037a04d52e4c38a80c2456d1700"
"com.vanso.gtbankapp	4b43f7145eebe4c07d208911b9d74c7c996a5037a04d52e4c38a80c2456d1701"
"com.veripark	4b43f7145eebe4c07d208911b9d74c7c996a5037a04d52e4c38a80c2456d1702"
"com.verizon.familybase.parent	4b43f7145eebe4c07d208911b9d74c7c996a5037a04d52e4c38a80c2456d1703"
"com.verizon.insideverizon	4b43f7145eebe4c07d208911b9d74c7c996a5037a04d52e4c38a80c2456d1704"
"com.verizon.messaging.vzmsgs	4b43f7145eebe4c07d208911b9d74c7c996a5037a04d52e4c38a80c2456d1705"
"com.verizon.onetalk	4b43f7145eebe4c07d208911b9d74c7c996a5037a04d52e4c38a80c2456d1706"
"com.verizon.sideview	4b43f7145eebe4c07d208911b9d74c7c996a5037a04d52e4c38a80c2456d1707"
"com.Version1	4b43f7145eebe4c07d208911b9d74c7c996a5037a04d52e4c38a80c2456d1708"
"com.viber.voip	4b43f7145eebe4c07d208911b9d74c7c996a5037a04d52e4c38a80c2456d1709"
"com.vipera.chebanca	4b43f7145eebe4c07d208911b9d74c7c996a5037a04d52e4c38a80c2456d1710"
"com.vipera.nbf	4b43f7145eebe4c07d208911b9d74c7c996a5037a04d52e4c38a80c2456d1711"
"com.vipera.ts.starter.MashreqAE	4b43f7145eebe4c07d208911b9d74c7c996a5037a04d52e4c38a80c2456d1712"
"com.vipera.ts.starter.MashreqQA	4b43f7145eebe4c07d208911b9d74c7c996a5037a04d52e4c38a80c2456d1713"
"com.vipera.ts.starter.QNB	4b43f7145eebe4c07d208911b9d74c7c996a5037a04d52e4c38a80c2456d1714"
"com.virginmoney.cards	4b43f7145eebe4c07d208911b9d74c7c996a5037a04d52e4c38a80c2456d1715"
"com.vtb.mobilebank	4b43f7145eebe4c07d208911b9d74c7c996a5037a04d52e4c38a80c2456d1716"
"com.wallet.crypto.trustapp	4b43f7145eebe4c07d208911b9d74c7c996a5037a04d52e4c38a80c2456d1717"
"com.warbabank.wallet	4b43f7145eebe4c07d208911b9d74c7c996a5037a04d52e4c38a80c2456d1718"
"com.wavesplatform.wallet	4b43f7145eebe4c07d208911b9d74c7c996a5037a04d52e4c38a80c2456d1719"
"com.westernunion.moneytransferr3app.es	4b43f7145eebe4c07d208911b9d74c7c996a5037a04d52e4c38a80c2456d1720"
"com.wf.wellsfargomobile	4b43f7145eebe4c07d208911b9d74c7c996a5037a04d52e4c38a80c2456d1721"
"com.whatsapp.w4b	4b43f7145eebe4c07d208911b9d74c7c996a5037a04d52e4c38a80c2456d1722"
"com.whatsapp	4b43f7145eebe4c07d208911b9d74c7c996a5037a04d52e4c38a80c2456d1723"
"com.willmobile.mobilebank.fcb	4b43f7145eebe4c07d208911b9d74c7c996a5037a04d52e4c38a80c2456d1724"
"com.woodforest	4b43f7145eebe4c07d208911b9d74c7c996a5037a04d52e4c38a80c2456d1725"
"com.wrx.wazirx	4b43f7145eebe4c07d208911b9d74c7c996a5037a04d52e4c38a80c2456d1726"
"com.yahoo.mobile.client.android.mail	4b43f7145eebe4c07d208911b9d74c7c996a5037a04d52e4c38a80c2456d1727"
"com.yap.banking	4b43f7145eebe4c07d208911b9d74c7c996a5037a04d52e4c38a80c2456d1728"
"com.ykb.android	4b43f7145eebe4c07d208911b9d74c7c996a5037a04d52e4c38a80c2456d1729"
"com.zainkw.zain	4b43f7145eebe4c07d208911b9d74c7c996a5037a04d52e4c38a80c2456d1730"
"com.zellepay.zelle	4b43f7145eebe4c07d208911b9d74c7c996a5037a04d52e4c38a80c2456d1731"
"com.zenithBank.eazymoney	4b43f7145eebe4c07d208911b9d74c7c996a5037a04d52e4c38a80c2456d1732"
"com.ziraat.ziraatmobil	4b43f7145eebe4c07d208911b9d74c7c996a5037a04d52e4c38a80c2456d1733"
"com.ziraatkatilim.mobilebanking	4b43f7145eebe4c07d208911b9d74c7c996a5037a04d52e4c38a80c2456d1734"
"com.zoluxiones.officebanking	4b43f7145eebe4c07d208911b9d74c7c996a5037a04d52e4c38a80c2456d1735"
"com.zzkko	4b43f7145eebe4c07d208911b9d74c7c996a5037a04d52e4c38a80c2456d1736"
"coop.bancocredicoop.bancamobile	4b43f7145eebe4c07d208911b9d74c7c996a5037a04d52e4c38a80c2456d1737"
"cz.csob.smartbanking	4b43f7145eebe4c07d208911b9d74c7c996a5037a04d52e4c38a80c2456d1738"
"de.adesso_mobile.secureapp.netbank	4b43f7145eebe4c07d208911b9d74c7c996a5037a04d52e4c38a80c2456d1739"
"de.comdirect.android	4b43f7145eebe4c07d208911b9d74c7c996a5037a04d52e4c38a80c2456d1740"
"de.comdirect.app	4b43f7145eebe4c07d208911b9d74c7c996a5037a04d52e4c38a80c2456d1741"
"de.commerzbanking.mobil	4b43f7145eebe4c07d208911b9d74c7c996a5037a04d52e4c38a80c2456d1742"
"de.consorsbank	4b43f7145eebe4c07d208911b9d74c7c996a5037a04d52e4c38a80c2456d1743"
"de.dkb.portalapp	4b43f7145eebe4c07d208911b9d74c7c996a5037a04d52e4c38a80c2456d1744"
"de.fiducia.smartphone.android.banking.vr	4b43f7145eebe4c07d208911b9d74c7c996a5037a04d52e4c38a80c2456d1745"
"de.hafas.android.dimp	4b43f7145eebe4c07d208911b9d74c7c996a5037a04d52e4c38a80c2456d1746"
"de.ingdiba.bankingapp	4b43f7145eebe4c07d208911b9d74c7c996a5037a04d52e4c38a80c2456d1747"
"de.mobile.android.app	4b43f7145eebe4c07d208911b9d74c7c996a5037a04d52e4c38a80c2456d1748"
"de.number26.android	4b43f7145eebe4c07d208911b9d74c7c996a5037a04d52e4c38a80c2456d1749"
"de.postbank.finanzassistent	4b43f7145eebe4c07d208911b9d74c7c996a5037a04d52e4c38a80c2456d1750"
"de.santander.presentation	4b43f7145eebe4c07d208911b9d74c7c996a5037a04d52e4c38a80c2456d1751"
"de.sdvrz.ihb.mobile.app	4b43f7145eebe4c07d208911b9d74c7c996a5037a04d52e4c38a80c2456d1752"
"de.sdvrz.ihb.mobile.secureapp.sparda.produktion	4b43f7145eebe4c07d208911b9d74c7c996a5037a04d52e4c38a80c2456d1753"
"de.traktorpool	4b43f7145eebe4c07d208911b9d74c7c996a5037a04d52e4c38a80c2456d1754"
"dk.nordea.mobilebank	4b43f7145eebe4c07d208911b9d74c7c996a5037a04d52e4c38a80c2456d1755"
"doge.org.freewallet.app	4b43f7145eebe4c07d208911b9d74c7c996a5037a04d52e4c38a80c2456d1756"
"ee.mtakso.client	4b43f7145eebe4c07d208911b9d74c7c996a5037a04d52e4c38a80c2456d1757"
"enbd.mobilebanking	4b43f7145eebe4c07d208911b9d74c7c996a5037a04d52e4c38a80c2456d1758"
"enterprise.com.anz.shield	4b43f7145eebe4c07d208911b9d74c7c996a5037a04d52e4c38a80c2456d1759"
"es.bancosantander.apps	4b43f7145eebe4c07d208911b9d74c7c996a5037a04d52e4c38a80c2456d1760"
"es.bancosantander.empresas	4b43f7145eebe4c07d208911b9d74c7c996a5037a04d52e4c38a80c2456d1761"
"es.bancosantander.wallet	4b43f7145eebe4c07d208911b9d74c7c996a5037a04d52e4c38a80c2456d1762"
"es.caixagalicia.activamovil	4b43f7145eebe4c07d208911b9d74c7c996a5037a04d52e4c38a80c2456d1763"
"es.caixageral.caixageralapp	4b43f7145eebe4c07d208911b9d74c7c996a5037a04d52e4c38a80c2456d1764"
"es.caixaontinyent.caixaontinyentapp	4b43f7145eebe4c07d208911b9d74c7c996a5037a04d52e4c38a80c2456d1765"
"es.ceca.cajalnet	4b43f7145eebe4c07d208911b9d74c7c996a5037a04d52e4c38a80c2456d1766"
"es.cecabank.ealia2103appstore	4b43f7145eebe4c07d208911b9d74c7c996a5037a04d52e4c38a80c2456d1767"
"es.cm.android	4b43f7145eebe4c07d208911b9d74c7c996a5037a04d52e4c38a80c2456d1768"
"es.evobanco.bancamovil	4b43f7145eebe4c07d208911b9d74c7c996a5037a04d52e4c38a80c2456d1769"
"es.ibercaja.ibercajaapp	4b43f7145eebe4c07d208911b9d74c7c996a5037a04d52e4c38a80c2456d1770"
"es.lacaixa.mobile.android.newwapicon	4b43f7145eebe4c07d208911b9d74c7c996a5037a04d52e4c38a80c2456d1771"
"es.liberbank.cajasturapp	4b43f7145eebe4c07d208911b9d74c7c996a5037a04d52e4c38a80c2456d1772"
"es.openbank.mobile	4b43f7145eebe4c07d208911b9d74c7c996a5037a04d52e4c38a80c2456d1773"
"es.orangebank.app	4b43f7145eebe4c07d208911b9d74c7c996a5037a04d52e4c38a80c2456d1774"
"es.pibank.customers	4b43f7145eebe4c07d208911b9d74c7c996a5037a04d52e4c38a80c2456d1775"
"es.santander.Criptocalculadora	4b43f7145eebe4c07d208911b9d74c7c996a5037a04d52e4c38a80c2456d1776"
"es.santander.money	4b43f7145eebe4c07d208911b9d74c7c996a5037a04d52e4c38a80c2456d1777"
"es.unicajabanco.app	4b43f7145eebe4c07d208911b9d74c7c996a5037a04d52e4c38a80c2456d1778"
"es.univia.unicajamovil	4b43f7145eebe4c07d208911b9d74c7c996a5037a04d52e4c38a80c2456d1779"
"eu.afse.omnia.attica	4b43f7145eebe4c07d208911b9d74c7c996a5037a04d52e4c38a80c2456d1780"
"eu.atlantico.bancoatlanticoapp	4b43f7145eebe4c07d208911b9d74c7c996a5037a04d52e4c38a80c2456d1781"
"eu.eleader.mobilebanking.abk	4b43f7145eebe4c07d208911b9d74c7c996a5037a04d52e4c38a80c2456d1782"
"eu.eleader.mobilebanking.invest	4b43f7145eebe4c07d208911b9d74c7c996a5037a04d52e4c38a80c2456d1783"
"eu.eleader.mobilebanking.kib	4b43f7145eebe4c07d208911b9d74c7c996a5037a04d52e4c38a80c2456d1784"
"eu.eleader.mobilebanking.nbk	4b43f7145eebe4c07d208911b9d74c7c996a5037a04d52e4c38a80c2456d1785"
"eu.eleader.mobilebanking.pekao.firm	4b43f7145eebe4c07d208911b9d74c7c996a5037a04d52e4c38a80c2456d1786"
"eu.eleader.mobilebanking.pekao	4b43f7145eebe4c07d208911b9d74c7c996a5037a04d52e4c38a80c2456d1787"
"eu.inmite.prj.kb.mobilbank	4b43f7145eebe4c07d208911b9d74c7c996a5037a04d52e4c38a80c2456d1788"
"eu.netinfo.colpatria.system	4b43f7145eebe4c07d208911b9d74c7c996a5037a04d52e4c38a80c2456d1789"
"eu.unicreditgroup.hvbapptan	4b43f7145eebe4c07d208911b9d74c7c996a5037a04d52e4c38a80c2456d1790"
"exodusmovement.exodus	4b43f7145eebe4c07d208911b9d74c7c996a5037a04d52e4c38a80c2456d1791"
"finansbank.enpara.sirketim	4b43f7145eebe4c07d208911b9d74c7c996a5037a04d52e4c38a80c2456d1792"
"finansbank.enpara	4b43f7145eebe4c07d208911b9d74c7c996a5037a04d52e4c38a80c2456d1793"
"fr.banquepopulaire.cyberplus	4b43f7145eebe4c07d208911b9d74c7c996a5037a04d52e4c38a80c2456d1794"
"fr.bnpp.digitalbanking	4b43f7145eebe4c07d208911b9d74c7c996a5037a04d52e4c38a80c2456d1795"
"fr.bred.fr	4b43f7145eebe4c07d208911b9d74c7c996a5037a04d52e4c38a80c2456d1796"
"fr.creditagricole.androidapp	4b43f7145eebe4c07d208911b9d74c7c996a5037a04d52e4c38a80c2456d1797"
"fr.hsbc.hsbcfrance	4b43f7145eebe4c07d208911b9d74c7c996a5037a04d52e4c38a80c2456d1798"
"fr.laposte.lapostemobile	4b43f7145eebe4c07d208911b9d74c7c996a5037a04d52e4c38a80c2456d1799"
"fr.lcl.android.customerarea	4b43f7145eebe4c07d208911b9d74c7c996a5037a04d52e4c38a80c2456d1800"
"fr.lcl.android.entreprise	4b43f7145eebe4c07d208911b9d74c7c996a5037a04d52e4c38a80c2456d1801"
"fr.oney.mobile.mescomptes	4b43f7145eebe4c07d208911b9d74c7c996a5037a04d52e4c38a80c2456d1802"
"ge.bog.mobilebank	4b43f7145eebe4c07d208911b9d74c7c996a5037a04d52e4c38a80c2456d1803"
"ge.lb.mobilebank	4b43f7145eebe4c07d208911b9d74c7c996a5037a04d52e4c38a80c2456d1804"
"ge.mobility.basisbank	4b43f7145eebe4c07d208911b9d74c7c996a5037a04d52e4c38a80c2456d1805"
"ge.mobility.emoney	4b43f7145eebe4c07d208911b9d74c7c996a5037a04d52e4c38a80c2456d1806"
"global.bithumb.android	4b43f7145eebe4c07d208911b9d74c7c996a5037a04d52e4c38a80c2456d1807"
"gr.winbank.mobile.cyprus	4b43f7145eebe4c07d208911b9d74c7c996a5037a04d52e4c38a80c2456d1808"
"gr.winbank.mobilenext	4b43f7145eebe4c07d208911b9d74c7c996a5037a04d52e4c38a80c2456d1809"
"gt.com.bi.bienlinea	4b43f7145eebe4c07d208911b9d74c7c996a5037a04d52e4c38a80c2456d1810"
"hr.asseco.android.intesa.isbd.cib	4b43f7145eebe4c07d208911b9d74c7c996a5037a04d52e4c38a80c2456d1811"
"hr.asseco.android.jimba.mUCI.hu	4b43f7145eebe4c07d208911b9d74c7c996a5037a04d52e4c38a80c2456d1812"
"hr.asseco.android.mtoken.bos	4b43f7145eebe4c07d208911b9d74c7c996a5037a04d52e4c38a80c2456d1813"
"hu.bb.mobilapp	4b43f7145eebe4c07d208911b9d74c7c996a5037a04d52e4c38a80c2456d1814"
"hu.cardinal.cib.mobilapp	4b43f7145eebe4c07d208911b9d74c7c996a5037a04d52e4c38a80c2456d1815"
"hu.cardinal.erste.mobilapp	4b43f7145eebe4c07d208911b9d74c7c996a5037a04d52e4c38a80c2456d1816"
"hu.khb	4b43f7145eebe4c07d208911b9d74c7c996a5037a04d52e4c38a80c2456d1817"
"hu.mkb.mobilapp	4b43f7145eebe4c07d208911b9d74c7c996a5037a04d52e4c38a80c2456d1818"
"hu.otpbank.mobile	4b43f7145eebe4c07d208911b9d74c7c996a5037a04d52e4c38a80c2456d1819"
"id.aladinbank.mobile	4b43f7145eebe4c07d208911b9d74c7c996a5037a04d52e4c38a80c2456d1820"
"id.bmri.livin	4b43f7145eebe4c07d208911b9d74c7c996a5037a04d52e4c38a80c2456d1821"
"id.co.bitcoin	4b43f7145eebe4c07d208911b9d74c7c996a5037a04d52e4c38a80c2456d1822"
"id.co.bri.brimo	4b43f7145eebe4c07d208911b9d74c7c996a5037a04d52e4c38a80c2456d1823"
"id.co.myhomecredit	4b43f7145eebe4c07d208911b9d74c7c996a5037a04d52e4c38a80c2456d1824"
"id.dana	4b43f7145eebe4c07d208911b9d74c7c996a5037a04d52e4c38a80c2456d1825"
"il.co.yahav.mobbanking	4b43f7145eebe4c07d208911b9d74c7c996a5037a04d52e4c38a80c2456d1826"
"il.co.yellow.app	4b43f7145eebe4c07d208911b9d74c7c996a5037a04d52e4c38a80c2456d1827"
"io.cex.app.prod	4b43f7145eebe4c07d208911b9d74c7c996a5037a04d52e4c38a80c2456d1828"
"io.ethos.universalwallet	4b43f7145eebe4c07d208911b9d74c7c996a5037a04d52e4c38a80c2456d1829"
"io.metamask	4b43f7145eebe4c07d208911b9d74c7c996a5037a04d52e4c38a80c2456d1830"
"io.safepal.wallet	4b43f7145eebe4c07d208911b9d74c7c996a5037a04d52e4c38a80c2456d1831"
"it.bcc.iccrea.mycartabcc	4b43f7145eebe4c07d208911b9d74c7c996a5037a04d52e4c38a80c2456d1832"
"it.bnl.apps.banking	4b43f7145eebe4c07d208911b9d74c7c996a5037a04d52e4c38a80c2456d1833"
"it.caitalia.apphub	4b43f7145eebe4c07d208911b9d74c7c996a5037a04d52e4c38a80c2456d1834"
"it.carige	4b43f7145eebe4c07d208911b9d74c7c996a5037a04d52e4c38a80c2456d1835"
"it.copergmps.rt.pf.android.sp.bmps	4b43f7145eebe4c07d208911b9d74c7c996a5037a04d52e4c38a80c2456d1836"
"it.CredemMobile	4b43f7145eebe4c07d208911b9d74c7c996a5037a04d52e4c38a80c2456d1837"
"it.creval.bancaperta	4b43f7145eebe4c07d208911b9d74c7c996a5037a04d52e4c38a80c2456d1838"
"it.hype.app	4b43f7145eebe4c07d208911b9d74c7c996a5037a04d52e4c38a80c2456d1839"
"it.icbpi.mobile	4b43f7145eebe4c07d208911b9d74c7c996a5037a04d52e4c38a80c2456d1840"
"it.ingdirect.app	4b43f7145eebe4c07d208911b9d74c7c996a5037a04d52e4c38a80c2456d1841"
"it.nogood.container	4b43f7145eebe4c07d208911b9d74c7c996a5037a04d52e4c38a80c2456d1842"
"it.phoenixspa.inbank	4b43f7145eebe4c07d208911b9d74c7c996a5037a04d52e4c38a80c2456d1843"
"it.popso.SCRIGNOapp	4b43f7145eebe4c07d208911b9d74c7c996a5037a04d52e4c38a80c2456d1844"
"it.relaxbanking	4b43f7145eebe4c07d208911b9d74c7c996a5037a04d52e4c38a80c2456d1845"
"jp.auone.wallet	4b43f7145eebe4c07d208911b9d74c7c996a5037a04d52e4c38a80c2456d1846"
"jp.co.aeonbank.android.passbook	4b43f7145eebe4c07d208911b9d74c7c996a5037a04d52e4c38a80c2456d1847"
"jp.co.jcb.my	4b43f7145eebe4c07d208911b9d74c7c996a5037a04d52e4c38a80c2456d1848"
"jp.co.netbk	4b43f7145eebe4c07d208911b9d74c7c996a5037a04d52e4c38a80c2456d1849"
"jp.co.nttdata	4b43f7145eebe4c07d208911b9d74c7c996a5037a04d52e4c38a80c2456d1850"
"jp.co.rakuten_bank.rakutenbank	4b43f7145eebe4c07d208911b9d74c7c996a5037a04d52e4c38a80c2456d1851"
"jp.co.smbc.direct	4b43f7145eebe4c07d208911b9d74c7c996a5037a04d52e4c38a80c2456d1852"
"jp.coincheck.android	4b43f7145eebe4c07d208911b9d74c7c996a5037a04d52e4c38a80c2456d1853"
"jp.japanpost.post.postbox.android	4b43f7145eebe4c07d208911b9d74c7c996a5037a04d52e4c38a80c2456d1854"
"jp.ne.paypay.android.app	4b43f7145eebe4c07d208911b9d74c7c996a5037a04d52e4c38a80c2456d1855"
"ktbcs.netbank	4b43f7145eebe4c07d208911b9d74c7c996a5037a04d52e4c38a80c2456d1856"
"lt.spectrofinance.spectrocoin.android.wallet	4b43f7145eebe4c07d208911b9d74c7c996a5037a04d52e4c38a80c2456d1857"
"ma.gbp.pocketbank	4b43f7145eebe4c07d208911b9d74c7c996a5037a04d52e4c38a80c2456d1858"
"mbanking.NBG	4b43f7145eebe4c07d208911b9d74c7c996a5037a04d52e4c38a80c2456d1859"
"me.cryptopay.android	4b43f7145eebe4c07d208911b9d74c7c996a5037a04d52e4c38a80c2456d1860"
"mobi.societegenerale.mobile.lappli	4b43f7145eebe4c07d208911b9d74c7c996a5037a04d52e4c38a80c2456d1861"
"mobility.ge.terabank	4b43f7145eebe4c07d208911b9d74c7c996a5037a04d52e4c38a80c2456d1862"
"mx.bancosantander.supermovil	4b43f7145eebe4c07d208911b9d74c7c996a5037a04d52e4c38a80c2456d1863"
"mx.bancsabadell.part	4b43f7145eebe4c07d208911b9d74c7c996a5037a04d52e4c38a80c2456d1864"
"mx.com.bb.b2	4b43f7145eebe4c07d208911b9d74c7c996a5037a04d52e4c38a80c2456d1865"
"mx.hsbc.hsbcmexico	4b43f7145eebe4c07d208911b9d74c7c996a5037a04d52e4c38a80c2456d1866"
"my.com.hongleongconnect.mobileconnect	4b43f7145eebe4c07d208911b9d74c7c996a5037a04d52e4c38a80c2456d1867"
"my.com.hsbc.hsbcmalaysia	4b43f7145eebe4c07d208911b9d74c7c996a5037a04d52e4c38a80c2456d1868"
"my.com.maybank2u.m2umobile	4b43f7145eebe4c07d208911b9d74c7c996a5037a04d52e4c38a80c2456d1869"
"net.aramex	4b43f7145eebe4c07d208911b9d74c7c996a5037a04d52e4c38a80c2456d1870"
"net.bitbay.bitcoin	4b43f7145eebe4c07d208911b9d74c7c996a5037a04d52e4c38a80c2456d1871"
"net.bitstamp.app	4b43f7145eebe4c07d208911b9d74c7c996a5037a04d52e4c38a80c2456d1872"
"net.bnpparibas.mescomptes	4b43f7145eebe4c07d208911b9d74c7c996a5037a04d52e4c38a80c2456d1873"
"net.garagecoders.e_llavescotiainfo	4b43f7145eebe4c07d208911b9d74c7c996a5037a04d52e4c38a80c2456d1874"
"net.inverline.bancosabadell.officelocator.android	4b43f7145eebe4c07d208911b9d74c7c996a5037a04d52e4c38a80c2456d1875"
"net.one97.paytm	4b43f7145eebe4c07d208911b9d74c7c996a5037a04d52e4c38a80c2456d1876"
"nz.co.anz.android.mobilebanking	4b43f7145eebe4c07d208911b9d74c7c996a5037a04d52e4c38a80c2456d1877"
"nz.co.asb.asbmobile	4b43f7145eebe4c07d208911b9d74c7c996a5037a04d52e4c38a80c2456d1878"
"nz.co.kiwibank.mobile	4b43f7145eebe4c07d208911b9d74c7c996a5037a04d52e4c38a80c2456d1879"
"org.banking.bom.businessconnect	4b43f7145eebe4c07d208911b9d74c7c996a5037a04d52e4c38a80c2456d1881"
"org.banking.bsa.businessconnect	4b43f7145eebe4c07d208911b9d74c7c996a5037a04d52e4c38a80c2456d1882"
"org.banking.stg.businessconnect	4b43f7145eebe4c07d208911b9d74c7c996a5037a04d52e4c38a80c2456d1883"
"org.banksa.bank	4b43f7145eebe4c07d208911b9d74c7c996a5037a04d52e4c38a80c2456d1884"
"org.bom.bank	4b43f7145eebe4c07d208911b9d74c7c996a5037a04d52e4c38a80c2456d1885"
"org.microemu.android.model.common.VTUserApplicationBNBJMB	4b43f7145eebe4c07d208911b9d74c7c996a5037a04d52e4c38a80c2456d1886"
"org.microemu.android.model.common.VTUserApplicationBNRTMB	4b43f7145eebe4c07d208911b9d74c7c996a5037a04d52e4c38a80c2456d1887"
"org.microemu.android.model.common.VTUserApplicationLINKMB	4b43f7145eebe4c07d208911b9d74c7c996a5037a04d52e4c38a80c2456d1888"
"org.stgeorge.bank	4b43f7145eebe4c07d208911b9d74c7c996a5037a04d52e4c38a80c2456d1889"
"org.telegram.messenger	4b43f7145eebe4c07d208911b9d74c7c996a5037a04d52e4c38a80c2456d1890"
"org.toshi	4b43f7145eebe4c07d208911b9d74c7c996a5037a04d52e4c38a80c2456d1891"
"ovo.id	4b43f7145eebe4c07d208911b9d74c7c996a5037a04d52e4c38a80c2456d1894"
"paladyum.peppara	4b43f7145eebe4c07d208911b9d74c7c996a5037a04d52e4c38a80c2456d1895"
"pe.com.interbank.mobilebanking	4b43f7145eebe4c07d208911b9d74c7c996a5037a04d52e4c38a80c2456d1896"
"pe.com.scotiabank.blpm.android.client	4b43f7145eebe4c07d208911b9d74c7c996a5037a04d52e4c38a80c2456d1897"
"pe.pichincha.bm	4b43f7145eebe4c07d208911b9d74c7c996a5037a04d52e4c38a80c2456d1898"
"pegasus.project.ebh.mobile.android.bundle.mobilebank	4b43f7145eebe4c07d208911b9d74c7c996a5037a04d52e4c38a80c2456d1899"
"piuk.blockchain.android	4b43f7145eebe4c07d208911b9d74c7c996a5037a04d52e4c38a80c2456d1900"
"pl.aliorbank.aib	4b43f7145eebe4c07d208911b9d74c7c996a5037a04d52e4c38a80c2456d1901"
"pl.allegro	4b43f7145eebe4c07d208911b9d74c7c996a5037a04d52e4c38a80c2456d1902"
"pl.bph	4b43f7145eebe4c07d208911b9d74c7c996a5037a04d52e4c38a80c2456d1903"
"pl.bps.bankowoscmobilna	4b43f7145eebe4c07d208911b9d74c7c996a5037a04d52e4c38a80c2456d1904"
"pl.bsszczytno.ebomobilepro	4b43f7145eebe4c07d208911b9d74c7c996a5037a04d52e4c38a80c2456d1905"
"pl.bzwbk.bzwbk24	4b43f7145eebe4c07d208911b9d74c7c996a5037a04d52e4c38a80c2456d1906"
"pl.bzwbk.ibiznes24	4b43f7145eebe4c07d208911b9d74c7c996a5037a04d52e4c38a80c2456d1907"
"pl.ceneo	4b43f7145eebe4c07d208911b9d74c7c996a5037a04d52e4c38a80c2456d1908"
"pl.com.rossmann.centauros	4b43f7145eebe4c07d208911b9d74c7c996a5037a04d52e4c38a80c2456d1909"
"pl.envelobank.aplikacja	4b43f7145eebe4c07d208911b9d74c7c996a5037a04d52e4c38a80c2456d1910"
"pl.eurobank2	4b43f7145eebe4c07d208911b9d74c7c996a5037a04d52e4c38a80c2456d1911"
"pl.fakturownia	4b43f7145eebe4c07d208911b9d74c7c996a5037a04d52e4c38a80c2456d1912"
"pl.ideabank.mobilebanking	4b43f7145eebe4c07d208911b9d74c7c996a5037a04d52e4c38a80c2456d1913"
"pl.ifirma.ifirmafaktury	4b43f7145eebe4c07d208911b9d74c7c996a5037a04d52e4c38a80c2456d1914"
"pl.ing.mojeing	4b43f7145eebe4c07d208911b9d74c7c996a5037a04d52e4c38a80c2456d1915"
"pl.mbank	4b43f7145eebe4c07d208911b9d74c7c996a5037a04d52e4c38a80c2456d1916"
"pl.millennium.corpApp	4b43f7145eebe4c07d208911b9d74c7c996a5037a04d52e4c38a80c2456d1917"
"pl.nestbank.nestbank	4b43f7145eebe4c07d208911b9d74c7c996a5037a04d52e4c38a80c2456d1918"
"pl.noblebank.mobile	4b43f7145eebe4c07d208911b9d74c7c996a5037a04d52e4c38a80c2456d1919"
"pl.novum.mobile2	4b43f7145eebe4c07d208911b9d74c7c996a5037a04d52e4c38a80c2456d1920"
"pl.orange.mojeorange	4b43f7145eebe4c07d208911b9d74c7c996a5037a04d52e4c38a80c2456d1921"
"pl.pkobp.iko	4b43f7145eebe4c07d208911b9d74c7c996a5037a04d52e4c38a80c2456d1922"
"pl.pkobp.ipkobiznes	4b43f7145eebe4c07d208911b9d74c7c996a5037a04d52e4c38a80c2456d1923"
"pl.raiffeisen.nfc	4b43f7145eebe4c07d208911b9d74c7c996a5037a04d52e4c38a80c2456d1924"
"posteitaliane.posteapp.appbpol	4b43f7145eebe4c07d208911b9d74c7c996a5037a04d52e4c38a80c2456d1925"
"posteitaliane.posteapp.apppostepay	4b43f7145eebe4c07d208911b9d74c7c996a5037a04d52e4c38a80c2456d1926"
"pro.huobi	4b43f7145eebe4c07d208911b9d74c7c996a5037a04d52e4c38a80c2456d1927"
"pt.bancobest.android.mobilebanking	4b43f7145eebe4c07d208911b9d74c7c996a5037a04d52e4c38a80c2456d1928"
"pt.bancobpi.mobile.fiabilizacao	4b43f7145eebe4c07d208911b9d74c7c996a5037a04d52e4c38a80c2456d1929"
"pt.bctt.appbctt	4b43f7145eebe4c07d208911b9d74c7c996a5037a04d52e4c38a80c2456d1930"
"pt.bigonline.BiGMobile	4b43f7145eebe4c07d208911b9d74c7c996a5037a04d52e4c38a80c2456d1931"
"pt.cgd.caderneta	4b43f7145eebe4c07d208911b9d74c7c996a5037a04d52e4c38a80c2456d1932"
"pt.cgd.caixadirectaempresas	4b43f7145eebe4c07d208911b9d74c7c996a5037a04d52e4c38a80c2456d1933"
"pt.eurobic.apps.mobilebanking	4b43f7145eebe4c07d208911b9d74c7c996a5037a04d52e4c38a80c2456d1934"
"pt.novobanco.nbapp	4b43f7145eebe4c07d208911b9d74c7c996a5037a04d52e4c38a80c2456d1935"
"pt.novobanco.nbsmarter	4b43f7145eebe4c07d208911b9d74c7c996a5037a04d52e4c38a80c2456d1936"
"pt.oney.oneyapp	4b43f7145eebe4c07d208911b9d74c7c996a5037a04d52e4c38a80c2456d1937"
"pt.santander.oneappparticulares	4b43f7145eebe4c07d208911b9d74c7c996a5037a04d52e4c38a80c2456d1938"
"pt.santandertotta.mobileempresas	4b43f7145eebe4c07d208911b9d74c7c996a5037a04d52e4c38a80c2456d1939"
"pt.santandertotta.mobileparticulares	4b43f7145eebe4c07d208911b9d74c7c996a5037a04d52e4c38a80c2456d1940"
"pt.sibs.android.mbway	4b43f7145eebe4c07d208911b9d74c7c996a5037a04d52e4c38a80c2456d1941"
"qa.hsbc.hsbcqatar	4b43f7145eebe4c07d208911b9d74c7c996a5037a04d52e4c38a80c2456d1942"
"qa.ooredoo.omm	4b43f7145eebe4c07d208911b9d74c7c996a5037a04d52e4c38a80c2456d1943"
"ro.btrl.mobile	4b43f7145eebe4c07d208911b9d74c7c996a5037a04d52e4c38a80c2456d1944"
"sa.alrajhibank.tahweelapp	4b43f7145eebe4c07d208911b9d74c7c996a5037a04d52e4c38a80c2456d1945"
"sa.com.stcpay	4b43f7145eebe4c07d208911b9d74c7c996a5037a04d52e4c38a80c2456d1946"
"sk.vub.mobile	4b43f7145eebe4c07d208911b9d74c7c996a5037a04d52e4c38a80c2456d1947"
"softax.pekao.powerpay	4b43f7145eebe4c07d208911b9d74c7c996a5037a04d52e4c38a80c2456d1948"
"src.com.bni	4b43f7145eebe4c07d208911b9d74c7c996a5037a04d52e4c38a80c2456d1949"
"tcig.mynajm	4b43f7145eebe4c07d208911b9d74c7c996a5037a04d52e4c38a80c2456d1950"
"tr.com.hsbc.hsbcturkey	4b43f7145eebe4c07d208911b9d74c7c996a5037a04d52e4c38a80c2456d1951"
"tr.com.sekerbilisim.mbank	4b43f7145eebe4c07d208911b9d74c7c996a5037a04d52e4c38a80c2456d1952"
"tr.gov.turkiye.edevlet.kapisi	4b43f7145eebe4c07d208911b9d74c7c996a5037a04d52e4c38a80c2456d1953"
"trendyol.com	4b43f7145eebe4c07d208911b9d74c7c996a5037a04d52e4c38a80c2456d1954"
"tsb.mobilebanking	4b43f7145eebe4c07d208911b9d74c7c996a5037a04d52e4c38a80c2456d1955"
"uk.co.hsbc.hsbcukmobilebanking	4b43f7145eebe4c07d208911b9d74c7c996a5037a04d52e4c38a80c2456d1956"
"uk.co.mbna.cardservices.android	4b43f7145eebe4c07d208911b9d74c7c996a5037a04d52e4c38a80c2456d1957"
"uk.co.metrobankonline.mobile.android.production	4b43f7145eebe4c07d208911b9d74c7c996a5037a04d52e4c38a80c2456d1958"
"uk.co.santander.santanderUK	4b43f7145eebe4c07d208911b9d74c7c996a5037a04d52e4c38a80c2456d1959"
"uk.co.tescomobile.android	4b43f7145eebe4c07d208911b9d74c7c996a5037a04d52e4c38a80c2456d1960"
"uk.co.tsb.newmobilebank	4b43f7145eebe4c07d208911b9d74c7c996a5037a04d52e4c38a80c2456d1961"
"us.zoom.videomeetings	4b43f7145eebe4c07d208911b9d74c7c996a5037a04d52e4c38a80c2456d1962"
"uy.brou	4b43f7145eebe4c07d208911b9d74c7c996a5037a04d52e4c38a80c2456d1963"
"uy.com.brou.token	4b43f7145eebe4c07d208911b9d74c7c996a5037a04d52e4c38a80c2456d1964"
"wit.android.bcpBankingApp.activoBank	4b43f7145eebe4c07d208911b9d74c7c996a5037a04d52e4c38a80c2456d1965"
"wit.android.bcpBankingApp.millennium	4b43f7145eebe4c07d208911b9d74c7c996a5037a04d52e4c38a80c2456d1966"
"wit.android.bcpBankingApp.millenniumPL	4b43f7145eebe4c07d208911b9d74c7c996a5037a04d52e4c38a80c2456d1967"
"www.ingdirect.nativeframe	4b43f7145eebe4c07d208911b9d74c7c996a5037a04d52e4c38a80c2456d1968"